{ "aaData": [{"id":1,"name":"Louis Morris","company":"Janyx","email":"lmorris0@odnoklassniki.ru","phone":"385-(710)503-5128","createdon":"9/5/2015"},
{"id":2,"name":"Nicholas Jenkins","company":"Wikivu","email":"njenkins1@sbwire.com","phone":"372-(430)683-3628","createdon":"8/10/2015"},
{"id":3,"name":"Mary Martin","company":"Oyoloo","email":"mmartin2@shop-pro.jp","phone":"81-(785)351-0250","createdon":"1/15/2015"},
{"id":4,"name":"Jacqueline Castillo","company":"Gigabox","email":"jcastillo3@howstuffworks.com","phone":"63-(744)438-8595","createdon":"5/24/2015"},
{"id":5,"name":"Kenneth Graham","company":"Realbridge","email":"kgraham4@tinypic.com","phone":"374-(766)826-9743","createdon":"7/25/2015"},
{"id":6,"name":"Jane Jordan","company":"Yakidoo","email":"jjordan5@mashable.com","phone":"355-(814)112-4372","createdon":"11/21/2015"},
{"id":7,"name":"Matthew Sanders","company":"Tagchat","email":"msanders6@wordpress.org","phone":"7-(218)887-6780","createdon":"6/6/2015"},
{"id":8,"name":"Phyllis Hughes","company":"Yotz","email":"phughes7@jalbum.net","phone":"86-(828)102-3315","createdon":"11/7/2015"},
{"id":9,"name":"Melissa Reid","company":"Jabbersphere","email":"mreid8@reuters.com","phone":"242-(812)263-8286","createdon":"8/5/2015"},
{"id":10,"name":"Lillian Dixon","company":"Youopia","email":"ldixon9@cafepress.com","phone":"52-(237)541-2524","createdon":"8/16/2015"},
{"id":11,"name":"Jimmy Coleman","company":"Skidoo","email":"jcolemana@cpanel.net","phone":"86-(379)885-9176","createdon":"12/8/2014"},
{"id":12,"name":"Adam Phillips","company":"Kazu","email":"aphillipsb@yale.edu","phone":"63-(812)944-1674","createdon":"10/22/2015"},
{"id":13,"name":"Jose Oliver","company":"Oba","email":"joliverc@harvard.edu","phone":"7-(451)994-1070","createdon":"5/26/2015"},
{"id":14,"name":"Susan Knight","company":"Dabvine","email":"sknightd@ow.ly","phone":"1-(414)723-6390","createdon":"4/5/2015"},
{"id":15,"name":"Kathleen Simpson","company":"Tagpad","email":"ksimpsone@sciencedirect.com","phone":"506-(277)850-7475","createdon":"5/10/2015"},
{"id":16,"name":"Denise White","company":"Aibox","email":"dwhitef@google.fr","phone":"30-(783)286-8710","createdon":"12/19/2014"},
{"id":17,"name":"Evelyn Alvarez","company":"Youtags","email":"ealvarezg@elegantthemes.com","phone":"86-(518)221-9982","createdon":"6/10/2015"},
{"id":18,"name":"Fred Howell","company":"Photobug","email":"fhowellh@freewebs.com","phone":"380-(443)606-9048","createdon":"4/11/2015"},
{"id":19,"name":"David Watson","company":"Plajo","email":"dwatsoni@wikispaces.com","phone":"1-(989)469-2323","createdon":"6/25/2015"},
{"id":20,"name":"Roy Stephens","company":"Edgeify","email":"rstephensj@feedburner.com","phone":"84-(966)702-2962","createdon":"5/2/2015"},
{"id":21,"name":"David Snyder","company":"Midel","email":"dsnyderk@furl.net","phone":"53-(406)157-7058","createdon":"11/5/2015"},
{"id":22,"name":"Margaret Gonzales","company":"Realblab","email":"mgonzalesl@unc.edu","phone":"44-(719)921-6476","createdon":"4/7/2015"},
{"id":23,"name":"Lois Reed","company":"Twinte","email":"lreedm@cpanel.net","phone":"46-(758)346-2245","createdon":"3/14/2015"},
{"id":24,"name":"Helen Simmons","company":"Oba","email":"hsimmonsn@godaddy.com","phone":"7-(982)244-8148","createdon":"4/8/2015"},
{"id":25,"name":"Dorothy Hamilton","company":"Dynava","email":"dhamiltono@google.co.uk","phone":"53-(244)207-7825","createdon":"8/20/2015"},
{"id":26,"name":"Jimmy Stewart","company":"Brainverse","email":"jstewartp@boston.com","phone":"33-(404)917-2818","createdon":"4/16/2015"},
{"id":27,"name":"Nicholas Hamilton","company":"Skinder","email":"nhamiltonq@google.co.uk","phone":"63-(878)299-8060","createdon":"10/4/2015"},
{"id":28,"name":"Christina Burns","company":"Flipbug","email":"cburnsr@europa.eu","phone":"62-(670)631-6603","createdon":"10/11/2015"},
{"id":29,"name":"Joe Welch","company":"Skipfire","email":"jwelchs@japanpost.jp","phone":"86-(982)417-3938","createdon":"4/13/2015"},
{"id":30,"name":"Helen Murray","company":"Blogtag","email":"hmurrayt@oakley.com","phone":"1-(646)755-7049","createdon":"3/24/2015"},
{"id":31,"name":"John Matthews","company":"Jayo","email":"jmatthewsu@vk.com","phone":"33-(885)634-9150","createdon":"8/10/2015"},
{"id":32,"name":"Larry Stewart","company":"Oyoloo","email":"lstewartv@indiatimes.com","phone":"385-(712)202-6975","createdon":"4/2/2015"},
{"id":33,"name":"Julia Clark","company":"Yabox","email":"jclarkw@google.de","phone":"45-(266)736-8924","createdon":"4/27/2015"},
{"id":34,"name":"Evelyn Rodriguez","company":"Twimbo","email":"erodriguezx@ow.ly","phone":"993-(218)504-1283","createdon":"2/27/2015"},
{"id":35,"name":"Shawn Bryant","company":"Twitterbridge","email":"sbryanty@google.es","phone":"62-(577)736-1780","createdon":"7/11/2015"},
{"id":36,"name":"Susan Garcia","company":"Wordpedia","email":"sgarciaz@opera.com","phone":"86-(329)240-4958","createdon":"10/5/2015"},
{"id":37,"name":"Evelyn Adams","company":"Ooba","email":"eadams10@drupal.org","phone":"1-(449)272-2046","createdon":"8/27/2015"},
{"id":38,"name":"Brandon Foster","company":"Vinte","email":"bfoster11@shop-pro.jp","phone":"371-(613)575-9761","createdon":"2/24/2015"},
{"id":39,"name":"Norma Ward","company":"Photobug","email":"nward12@addtoany.com","phone":"7-(880)295-0724","createdon":"8/15/2015"},
{"id":40,"name":"Heather Ferguson","company":"Oyondu","email":"hferguson13@spotify.com","phone":"385-(106)286-7653","createdon":"5/22/2015"},
{"id":41,"name":"Todd Johnston","company":"Vinder","email":"tjohnston14@bigcartel.com","phone":"86-(157)566-9313","createdon":"3/3/2015"},
{"id":42,"name":"Robert Hawkins","company":"Twimm","email":"rhawkins15@kickstarter.com","phone":"63-(616)164-4366","createdon":"10/26/2015"},
{"id":43,"name":"Thomas Robertson","company":"Bubblemix","email":"trobertson16@hexun.com","phone":"63-(639)398-7362","createdon":"11/7/2015"},
{"id":44,"name":"Jonathan Carr","company":"Kayveo","email":"jcarr17@goo.ne.jp","phone":"63-(845)235-5289","createdon":"9/30/2015"},
{"id":45,"name":"Jane Riley","company":"Kamba","email":"jriley18@slate.com","phone":"62-(134)879-5120","createdon":"11/10/2015"},
{"id":46,"name":"Scott Allen","company":"Vidoo","email":"sallen19@myspace.com","phone":"992-(422)826-9398","createdon":"12/16/2014"},
{"id":47,"name":"Christina Wheeler","company":"Camido","email":"cwheeler1a@businesswire.com","phone":"52-(229)187-0408","createdon":"4/30/2015"},
{"id":48,"name":"Helen Green","company":"Yambee","email":"hgreen1b@aboutads.info","phone":"57-(946)848-2402","createdon":"9/14/2015"},
{"id":49,"name":"Russell Burns","company":"Voonder","email":"rburns1c@hhs.gov","phone":"86-(283)235-4658","createdon":"6/14/2015"},
{"id":50,"name":"Carlos Kelley","company":"Devpulse","email":"ckelley1d@dion.ne.jp","phone":"7-(114)200-2423","createdon":"9/6/2015"},
{"id":51,"name":"Billy Perry","company":"Babbleblab","email":"bperry1e@ft.com","phone":"62-(270)370-6801","createdon":"2/11/2015"},
{"id":52,"name":"Amy Duncan","company":"Realpoint","email":"aduncan1f@techcrunch.com","phone":"63-(104)747-9902","createdon":"3/31/2015"},
{"id":53,"name":"Denise Long","company":"Oodoo","email":"dlong1g@furl.net","phone":"86-(678)866-7057","createdon":"11/19/2015"},
{"id":54,"name":"Ernest Black","company":"Centizu","email":"eblack1h@youtube.com","phone":"62-(103)186-6267","createdon":"3/13/2015"},
{"id":55,"name":"Patrick Gray","company":"Rhycero","email":"pgray1i@ask.com","phone":"92-(687)894-2798","createdon":"2/2/2015"},
{"id":56,"name":"Rachel Howard","company":"Topiclounge","email":"rhoward1j@gravatar.com","phone":"506-(587)747-8629","createdon":"4/30/2015"},
{"id":57,"name":"Antonio Ross","company":"Realcube","email":"aross1k@deviantart.com","phone":"7-(230)193-0550","createdon":"1/22/2015"},
{"id":58,"name":"Louise Jackson","company":"Omba","email":"ljackson1l@sbwire.com","phone":"62-(130)207-3797","createdon":"7/12/2015"},
{"id":59,"name":"Rachel Griffin","company":"Riffpath","email":"rgriffin1m@surveymonkey.com","phone":"54-(265)984-0364","createdon":"7/2/2015"},
{"id":60,"name":"Amanda Black","company":"Blognation","email":"ablack1n@biblegateway.com","phone":"7-(906)279-0505","createdon":"5/6/2015"},
{"id":61,"name":"Gary Frazier","company":"Dynava","email":"gfrazier1o@redcross.org","phone":"48-(738)261-8016","createdon":"4/12/2015"},
{"id":62,"name":"Samuel Romero","company":"Browseblab","email":"sromero1p@paginegialle.it","phone":"55-(882)394-1498","createdon":"4/22/2015"},
{"id":63,"name":"Mary Sims","company":"Eabox","email":"msims1q@wiley.com","phone":"7-(425)708-8505","createdon":"12/25/2014"},
{"id":64,"name":"Stephanie Freeman","company":"Devshare","email":"sfreeman1r@tripadvisor.com","phone":"30-(404)137-0319","createdon":"1/11/2015"},
{"id":65,"name":"Nicole James","company":"Demizz","email":"njames1s@chron.com","phone":"380-(671)975-8311","createdon":"7/2/2015"},
{"id":66,"name":"Emily Austin","company":"Youtags","email":"eaustin1t@washington.edu","phone":"63-(114)466-2770","createdon":"11/30/2014"},
{"id":67,"name":"Carolyn Grant","company":"Blogtag","email":"cgrant1u@gmpg.org","phone":"63-(248)605-6611","createdon":"2/12/2015"},
{"id":68,"name":"Jessica Little","company":"Midel","email":"jlittle1v@cdbaby.com","phone":"86-(722)970-4738","createdon":"12/6/2014"},
{"id":69,"name":"Ann Carpenter","company":"Skinder","email":"acarpenter1w@ehow.com","phone":"86-(884)825-5737","createdon":"11/20/2015"},
{"id":70,"name":"Sarah Lopez","company":"Twitternation","email":"slopez1x@buzzfeed.com","phone":"86-(298)682-9656","createdon":"8/1/2015"},
{"id":71,"name":"Brenda Lawson","company":"Devpoint","email":"blawson1y@amazon.com","phone":"86-(217)969-4488","createdon":"5/8/2015"},
{"id":72,"name":"Patricia Henry","company":"Meembee","email":"phenry1z@vk.com","phone":"82-(402)429-8104","createdon":"5/23/2015"},
{"id":73,"name":"Victor Hansen","company":"Abata","email":"vhansen20@nytimes.com","phone":"1-(754)159-4449","createdon":"5/25/2015"},
{"id":74,"name":"Joe Henry","company":"Gabcube","email":"jhenry21@prnewswire.com","phone":"1-(515)945-6839","createdon":"5/11/2015"},
{"id":75,"name":"Brandon Martinez","company":"Twitterwire","email":"bmartinez22@seesaa.net","phone":"86-(632)477-3114","createdon":"2/2/2015"},
{"id":76,"name":"Ann Harvey","company":"Voonder","email":"aharvey23@mlb.com","phone":"358-(693)400-2996","createdon":"3/21/2015"},
{"id":77,"name":"Juan George","company":"Dabjam","email":"jgeorge24@microsoft.com","phone":"86-(836)872-9137","createdon":"3/9/2015"},
{"id":78,"name":"Philip Harrison","company":"Omba","email":"pharrison25@usda.gov","phone":"62-(165)542-2594","createdon":"1/30/2015"},
{"id":79,"name":"Gregory Gonzalez","company":"Quatz","email":"ggonzalez26@acquirethisname.com","phone":"963-(327)621-0369","createdon":"7/26/2015"},
{"id":80,"name":"Edward Rivera","company":"Chatterbridge","email":"erivera27@cnbc.com","phone":"502-(894)555-1322","createdon":"12/15/2014"},
{"id":81,"name":"Kimberly Jones","company":"Omba","email":"kjones28@usgs.gov","phone":"502-(446)845-8545","createdon":"7/12/2015"},
{"id":82,"name":"Donald Diaz","company":"Twitterwire","email":"ddiaz29@epa.gov","phone":"63-(180)841-5691","createdon":"9/3/2015"},
{"id":83,"name":"James Stanley","company":"Devpoint","email":"jstanley2a@gov.uk","phone":"86-(625)491-8765","createdon":"7/22/2015"},
{"id":84,"name":"Joan Reyes","company":"Topicshots","email":"jreyes2b@google.pl","phone":"66-(968)122-1022","createdon":"12/17/2014"},
{"id":85,"name":"Frank Hamilton","company":"Thoughtmix","email":"fhamilton2c@moonfruit.com","phone":"86-(438)658-8131","createdon":"3/9/2015"},
{"id":86,"name":"Susan Gilbert","company":"Quatz","email":"sgilbert2d@stanford.edu","phone":"62-(189)573-5815","createdon":"1/7/2015"},
{"id":87,"name":"Randy Ferguson","company":"Jamia","email":"rferguson2e@yandex.ru","phone":"33-(446)439-3741","createdon":"5/26/2015"},
{"id":88,"name":"Arthur Sims","company":"Yakidoo","email":"asims2f@jalbum.net","phone":"228-(776)979-7319","createdon":"3/10/2015"},
{"id":89,"name":"Steve Hansen","company":"Voonyx","email":"shansen2g@baidu.com","phone":"351-(289)265-8196","createdon":"5/17/2015"},
{"id":90,"name":"Shirley James","company":"Realbuzz","email":"sjames2h@google.de","phone":"63-(225)156-9124","createdon":"3/18/2015"},
{"id":91,"name":"Earl Johnson","company":"Voonyx","email":"ejohnson2i@sina.com.cn","phone":"86-(905)571-2018","createdon":"7/2/2015"},
{"id":92,"name":"Amy Henderson","company":"Riffwire","email":"ahenderson2j@mlb.com","phone":"234-(145)183-2529","createdon":"10/18/2015"},
{"id":93,"name":"Martha Crawford","company":"Topicware","email":"mcrawford2k@google.com.au","phone":"86-(386)811-8813","createdon":"3/15/2015"},
{"id":94,"name":"Harry Carr","company":"Fivespan","email":"hcarr2l@cargocollective.com","phone":"86-(337)920-2488","createdon":"1/24/2015"},
{"id":95,"name":"Antonio Bowman","company":"Thoughtmix","email":"abowman2m@taobao.com","phone":"48-(607)202-4210","createdon":"7/14/2015"},
{"id":96,"name":"Jennifer Rice","company":"Aivee","email":"jrice2n@addthis.com","phone":"351-(221)185-6896","createdon":"11/6/2015"},
{"id":97,"name":"Martha Ramos","company":"Dablist","email":"mramos2o@squidoo.com","phone":"7-(673)489-7135","createdon":"6/21/2015"},
{"id":98,"name":"Christina Johnson","company":"Trudoo","email":"cjohnson2p@imageshack.us","phone":"33-(156)222-7115","createdon":"11/9/2015"},
{"id":99,"name":"Anne Gray","company":"Eimbee","email":"agray2q@businesswire.com","phone":"33-(345)567-9759","createdon":"9/12/2015"},
{"id":100,"name":"Robin Jordan","company":"Eimbee","email":"rjordan2r@boston.com","phone":"54-(481)592-0807","createdon":"1/5/2015"},
{"id":101,"name":"Phyllis Franklin","company":"Shufflebeat","email":"pfranklin2s@imgur.com","phone":"7-(779)112-1463","createdon":"10/13/2015"},
{"id":102,"name":"Carolyn Nichols","company":"Youtags","email":"cnichols2t@yelp.com","phone":"389-(100)567-3152","createdon":"9/7/2015"},
{"id":103,"name":"Jimmy Wilson","company":"Voonyx","email":"jwilson2u@craigslist.org","phone":"86-(219)567-4381","createdon":"4/12/2015"},
{"id":104,"name":"Bonnie Payne","company":"Mudo","email":"bpayne2v@1688.com","phone":"230-(160)972-7104","createdon":"6/4/2015"},
{"id":105,"name":"Joseph Banks","company":"Muxo","email":"jbanks2w@goo.gl","phone":"57-(975)324-5941","createdon":"10/3/2015"},
{"id":106,"name":"Justin Robinson","company":"Tanoodle","email":"jrobinson2x@pen.io","phone":"86-(538)602-7992","createdon":"2/26/2015"},
{"id":107,"name":"Alan Nguyen","company":"Skilith","email":"anguyen2y@discovery.com","phone":"420-(709)668-6968","createdon":"10/12/2015"},
{"id":108,"name":"Matthew Tucker","company":"Rhyzio","email":"mtucker2z@alibaba.com","phone":"86-(810)270-1577","createdon":"10/27/2015"},
{"id":109,"name":"Marilyn Wright","company":"Buzzdog","email":"mwright30@blog.com","phone":"62-(745)235-9540","createdon":"5/18/2015"},
{"id":110,"name":"Gregory Mason","company":"Cogidoo","email":"gmason31@merriam-webster.com","phone":"27-(601)673-1030","createdon":"12/7/2014"},
{"id":111,"name":"Patricia Harvey","company":"Ooba","email":"pharvey32@dyndns.org","phone":"58-(866)757-7176","createdon":"12/13/2014"},
{"id":112,"name":"Samuel Payne","company":"Topdrive","email":"spayne33@marriott.com","phone":"51-(511)679-3345","createdon":"9/11/2015"},
{"id":113,"name":"Kevin Sanchez","company":"Bluezoom","email":"ksanchez34@nbcnews.com","phone":"51-(203)734-0190","createdon":"4/23/2015"},
{"id":114,"name":"Sean Ramirez","company":"Kare","email":"sramirez35@nyu.edu","phone":"30-(558)118-0248","createdon":"4/26/2015"},
{"id":115,"name":"Jonathan Chavez","company":"Dynava","email":"jchavez36@bing.com","phone":"49-(405)890-8887","createdon":"5/14/2015"},
{"id":116,"name":"Terry Holmes","company":"Flashdog","email":"tholmes37@mit.edu","phone":"86-(205)376-9867","createdon":"1/26/2015"},
{"id":117,"name":"Patricia Howard","company":"Twinte","email":"phoward38@home.pl","phone":"62-(523)312-7144","createdon":"7/11/2015"},
{"id":118,"name":"Kimberly Taylor","company":"Feedspan","email":"ktaylor39@narod.ru","phone":"380-(362)849-0989","createdon":"9/27/2015"},
{"id":119,"name":"Bruce Tucker","company":"Ainyx","email":"btucker3a@facebook.com","phone":"1-(405)620-6060","createdon":"6/5/2015"},
{"id":120,"name":"Craig Peters","company":"Devpulse","email":"cpeters3b@google.de","phone":"218-(206)735-9761","createdon":"5/20/2015"},
{"id":121,"name":"Bonnie Carter","company":"Linklinks","email":"bcarter3c@mtv.com","phone":"261-(306)951-2732","createdon":"8/30/2015"},
{"id":122,"name":"Judith Hayes","company":"Avaveo","email":"jhayes3d@theglobeandmail.com","phone":"86-(589)200-6308","createdon":"3/30/2015"},
{"id":123,"name":"Juan Richards","company":"Ntags","email":"jrichards3e@wufoo.com","phone":"52-(535)547-2409","createdon":"8/8/2015"},
{"id":124,"name":"Harry Shaw","company":"Realcube","email":"hshaw3f@opensource.org","phone":"86-(815)766-1748","createdon":"11/8/2015"},
{"id":125,"name":"Jonathan Daniels","company":"Realcube","email":"jdaniels3g@myspace.com","phone":"62-(702)319-0448","createdon":"5/5/2015"},
{"id":126,"name":"Rebecca Johnson","company":"Yoveo","email":"rjohnson3h@exblog.jp","phone":"86-(527)785-8899","createdon":"1/18/2015"},
{"id":127,"name":"Karen Anderson","company":"Babbleblab","email":"kanderson3i@psu.edu","phone":"62-(543)287-5080","createdon":"12/26/2014"},
{"id":128,"name":"Jonathan Daniels","company":"Quimm","email":"jdaniels3j@mapquest.com","phone":"380-(837)728-0633","createdon":"6/7/2015"},
{"id":129,"name":"Gary Holmes","company":"Quinu","email":"gholmes3k@aol.com","phone":"86-(833)565-2848","createdon":"2/25/2015"},
{"id":130,"name":"Kimberly Jacobs","company":"Oyoyo","email":"kjacobs3l@wikimedia.org","phone":"55-(323)728-7657","createdon":"8/23/2015"},
{"id":131,"name":"Jimmy Hernandez","company":"Browsedrive","email":"jhernandez3m@chron.com","phone":"62-(595)966-7289","createdon":"9/18/2015"},
{"id":132,"name":"Mildred Richardson","company":"Quamba","email":"mrichardson3n@auda.org.au","phone":"855-(657)782-7066","createdon":"5/11/2015"},
{"id":133,"name":"Ruth Wheeler","company":"Skippad","email":"rwheeler3o@gizmodo.com","phone":"7-(673)225-9314","createdon":"1/3/2015"},
{"id":134,"name":"Ann Rivera","company":"Twitterbridge","email":"arivera3p@arizona.edu","phone":"55-(689)923-0522","createdon":"11/16/2015"},
{"id":135,"name":"Frank Williams","company":"Roombo","email":"fwilliams3q@gizmodo.com","phone":"595-(915)514-6665","createdon":"11/5/2015"},
{"id":136,"name":"Paul Grant","company":"Trudoo","email":"pgrant3r@yolasite.com","phone":"687-(305)350-6509","createdon":"1/24/2015"},
{"id":137,"name":"Justin Hughes","company":"Oyoba","email":"jhughes3s@booking.com","phone":"48-(360)837-2397","createdon":"9/23/2015"},
{"id":138,"name":"Donald Crawford","company":"Quatz","email":"dcrawford3t@kickstarter.com","phone":"33-(522)288-7189","createdon":"8/7/2015"},
{"id":139,"name":"Samuel Fox","company":"Chatterpoint","email":"sfox3u@cnbc.com","phone":"31-(855)692-3901","createdon":"10/17/2015"},
{"id":140,"name":"William Frazier","company":"Devcast","email":"wfrazier3v@vimeo.com","phone":"420-(831)473-7178","createdon":"12/26/2014"},
{"id":141,"name":"Kenneth Fields","company":"Camimbo","email":"kfields3w@si.edu","phone":"63-(359)809-0560","createdon":"6/20/2015"},
{"id":142,"name":"Jane Romero","company":"Jayo","email":"jromero3x@sun.com","phone":"260-(276)827-7766","createdon":"6/1/2015"},
{"id":143,"name":"Billy Nelson","company":"Oyoba","email":"bnelson3y@surveymonkey.com","phone":"673-(500)903-1609","createdon":"12/1/2014"},
{"id":144,"name":"Paula Oliver","company":"Skyble","email":"poliver3z@zdnet.com","phone":"7-(245)244-8334","createdon":"8/9/2015"},
{"id":145,"name":"Gary Harrison","company":"Babbleblab","email":"gharrison40@cisco.com","phone":"62-(968)519-4212","createdon":"11/26/2015"},
{"id":146,"name":"Barbara Freeman","company":"Tagfeed","email":"bfreeman41@ebay.co.uk","phone":"63-(611)200-0486","createdon":"11/14/2015"},
{"id":147,"name":"Kathleen Sanchez","company":"Twitterwire","email":"ksanchez42@ftc.gov","phone":"86-(829)740-4969","createdon":"9/9/2015"},
{"id":148,"name":"Elizabeth Flores","company":"Edgepulse","email":"eflores43@tmall.com","phone":"262-(784)693-3044","createdon":"4/21/2015"},
{"id":149,"name":"Ruby Bradley","company":"Gigabox","email":"rbradley44@dedecms.com","phone":"62-(753)757-6804","createdon":"9/16/2015"},
{"id":150,"name":"Bonnie Scott","company":"Cogidoo","email":"bscott45@kickstarter.com","phone":"506-(996)307-6930","createdon":"10/9/2015"},
{"id":151,"name":"Justin Crawford","company":"Fivebridge","email":"jcrawford46@plala.or.jp","phone":"86-(643)628-2058","createdon":"9/27/2015"},
{"id":152,"name":"Brian Carroll","company":"Eamia","email":"bcarroll47@yolasite.com","phone":"351-(199)880-5053","createdon":"2/12/2015"},
{"id":153,"name":"Todd Mcdonald","company":"Skidoo","email":"tmcdonald48@reddit.com","phone":"63-(904)890-9203","createdon":"12/4/2014"},
{"id":154,"name":"Steven Shaw","company":"Quimm","email":"sshaw49@army.mil","phone":"7-(965)596-2388","createdon":"12/1/2014"},
{"id":155,"name":"Philip Rice","company":"Pixoboo","email":"price4a@usa.gov","phone":"1-(813)533-4072","createdon":"11/25/2015"},
{"id":156,"name":"Doris Bryant","company":"Skiptube","email":"dbryant4b@spiegel.de","phone":"255-(271)217-2177","createdon":"5/4/2015"},
{"id":157,"name":"John Martinez","company":"Gabtype","email":"jmartinez4c@bbb.org","phone":"86-(209)201-4346","createdon":"6/19/2015"},
{"id":158,"name":"Chris Andrews","company":"Gabtune","email":"candrews4d@wordpress.org","phone":"212-(186)575-2359","createdon":"5/15/2015"},
{"id":159,"name":"Todd Shaw","company":"Zoombeat","email":"tshaw4e@yale.edu","phone":"86-(139)457-4693","createdon":"7/2/2015"},
{"id":160,"name":"Anne Thomas","company":"Latz","email":"athomas4f@cnn.com","phone":"1-(719)688-0196","createdon":"8/19/2015"},
{"id":161,"name":"Emily Dean","company":"Fatz","email":"edean4g@pcworld.com","phone":"86-(444)698-8197","createdon":"8/3/2015"},
{"id":162,"name":"Stephen Chapman","company":"Rhyzio","email":"schapman4h@dell.com","phone":"381-(383)987-4333","createdon":"5/9/2015"},
{"id":163,"name":"Julia Palmer","company":"Divape","email":"jpalmer4i@ebay.com","phone":"64-(328)649-3268","createdon":"12/30/2014"},
{"id":164,"name":"Tina Griffin","company":"Twitterwire","email":"tgriffin4j@noaa.gov","phone":"62-(435)858-9486","createdon":"12/8/2014"},
{"id":165,"name":"Carol Collins","company":"Aibox","email":"ccollins4k@ebay.com","phone":"351-(633)292-5192","createdon":"2/28/2015"},
{"id":166,"name":"Keith Romero","company":"Centidel","email":"kromero4l@aol.com","phone":"86-(520)151-4207","createdon":"1/18/2015"},
{"id":167,"name":"Wayne Lewis","company":"Wikizz","email":"wlewis4m@wikia.com","phone":"55-(479)387-0231","createdon":"5/16/2015"},
{"id":168,"name":"Philip King","company":"Yombu","email":"pking4n@aol.com","phone":"352-(541)806-3125","createdon":"10/22/2015"},
{"id":169,"name":"Bonnie Chapman","company":"Yadel","email":"bchapman4o@spiegel.de","phone":"7-(329)828-1465","createdon":"3/20/2015"},
{"id":170,"name":"Nicole Wright","company":"Jazzy","email":"nwright4p@zimbio.com","phone":"48-(423)312-9739","createdon":"5/19/2015"},
{"id":171,"name":"Kathleen Harris","company":"Mydo","email":"kharris4q@nhs.uk","phone":"60-(347)731-7462","createdon":"1/25/2015"},
{"id":172,"name":"Joseph Olson","company":"Vitz","email":"jolson4r@w3.org","phone":"970-(851)434-7567","createdon":"7/16/2015"},
{"id":173,"name":"Lillian Henry","company":"Lazzy","email":"lhenry4s@studiopress.com","phone":"63-(626)177-8593","createdon":"10/14/2015"},
{"id":174,"name":"Christine Johnson","company":"Digitube","email":"cjohnson4t@pagesperso-orange.fr","phone":"51-(519)587-1174","createdon":"5/8/2015"},
{"id":175,"name":"Stephen Cruz","company":"Yodo","email":"scruz4u@smugmug.com","phone":"62-(204)256-3982","createdon":"10/19/2015"},
{"id":176,"name":"Irene Hughes","company":"Bluezoom","email":"ihughes4v@mit.edu","phone":"48-(199)564-5944","createdon":"1/16/2015"},
{"id":177,"name":"Marilyn Snyder","company":"Thoughtmix","email":"msnyder4w@yelp.com","phone":"505-(393)140-8367","createdon":"9/13/2015"},
{"id":178,"name":"Randy Mason","company":"Cogilith","email":"rmason4x@theglobeandmail.com","phone":"86-(187)597-5309","createdon":"6/5/2015"},
{"id":179,"name":"George Bradley","company":"Skilith","email":"gbradley4y@jugem.jp","phone":"63-(147)518-2707","createdon":"8/2/2015"},
{"id":180,"name":"Terry Moreno","company":"Wordware","email":"tmoreno4z@domainmarket.com","phone":"44-(271)349-0846","createdon":"12/31/2014"},
{"id":181,"name":"Pamela Ortiz","company":"Yodel","email":"portiz50@china.com.cn","phone":"962-(530)628-2434","createdon":"4/8/2015"},
{"id":182,"name":"Aaron Rivera","company":"Browsedrive","email":"arivera51@nps.gov","phone":"48-(238)723-1874","createdon":"8/1/2015"},
{"id":183,"name":"Walter Armstrong","company":"Devbug","email":"warmstrong52@zdnet.com","phone":"58-(857)725-7326","createdon":"12/3/2014"},
{"id":184,"name":"Amy Mason","company":"Yambee","email":"amason53@harvard.edu","phone":"7-(439)309-2340","createdon":"2/22/2015"},
{"id":185,"name":"Alice Hudson","company":"Photofeed","email":"ahudson54@nba.com","phone":"1-(981)734-1115","createdon":"12/1/2014"},
{"id":186,"name":"Edward Grant","company":"Tagpad","email":"egrant55@ning.com","phone":"261-(706)140-5399","createdon":"8/26/2015"},
{"id":187,"name":"Joseph Walker","company":"Digitube","email":"jwalker56@naver.com","phone":"230-(781)428-1649","createdon":"9/22/2015"},
{"id":188,"name":"Douglas Dunn","company":"Mita","email":"ddunn57@patch.com","phone":"62-(916)687-3098","createdon":"8/16/2015"},
{"id":189,"name":"Billy Roberts","company":"Topicstorm","email":"broberts58@imdb.com","phone":"51-(557)803-3136","createdon":"4/1/2015"},
{"id":190,"name":"Patricia Harris","company":"Eazzy","email":"pharris59@amazon.co.uk","phone":"254-(849)433-2245","createdon":"9/8/2015"},
{"id":191,"name":"Mark Kelly","company":"Katz","email":"mkelly5a@pen.io","phone":"55-(234)757-0502","createdon":"8/2/2015"},
{"id":192,"name":"Jeffrey Lee","company":"Viva","email":"jlee5b@columbia.edu","phone":"86-(158)913-6757","createdon":"12/1/2014"},
{"id":193,"name":"Matthew Chapman","company":"Youbridge","email":"mchapman5c@google.it","phone":"352-(950)557-1620","createdon":"9/27/2015"},
{"id":194,"name":"Craig Arnold","company":"Linkbuzz","email":"carnold5d@fastcompany.com","phone":"251-(624)819-2371","createdon":"4/6/2015"},
{"id":195,"name":"Kevin Wells","company":"Realcube","email":"kwells5e@mlb.com","phone":"62-(672)728-7988","createdon":"3/22/2015"},
{"id":196,"name":"Martin Watkins","company":"Vimbo","email":"mwatkins5f@pen.io","phone":"63-(652)497-4734","createdon":"5/7/2015"},
{"id":197,"name":"David Jackson","company":"Babbleopia","email":"djackson5g@nba.com","phone":"48-(297)882-2616","createdon":"12/16/2014"},
{"id":198,"name":"Dorothy Fox","company":"Tagcat","email":"dfox5h@hatena.ne.jp","phone":"7-(128)615-1885","createdon":"1/1/2015"},
{"id":199,"name":"Adam Dixon","company":"Quamba","email":"adixon5i@msn.com","phone":"506-(311)103-3167","createdon":"3/21/2015"},
{"id":200,"name":"Sandra Cook","company":"Edgewire","email":"scook5j@state.tx.us","phone":"86-(955)171-8112","createdon":"6/8/2015"},
{"id":201,"name":"Jean Myers","company":"Flipstorm","email":"jmyers5k@acquirethisname.com","phone":"420-(260)816-5627","createdon":"5/9/2015"},
{"id":202,"name":"Cheryl Adams","company":"Linktype","email":"cadams5l@a8.net","phone":"62-(266)676-3533","createdon":"12/5/2014"},
{"id":203,"name":"Lisa Thomas","company":"Blogpad","email":"lthomas5m@amazonaws.com","phone":"389-(758)288-0334","createdon":"2/12/2015"},
{"id":204,"name":"Susan Gilbert","company":"Edgeblab","email":"sgilbert5n@histats.com","phone":"967-(927)236-5906","createdon":"5/8/2015"},
{"id":205,"name":"Joan Sims","company":"Quatz","email":"jsims5o@1688.com","phone":"63-(117)891-0039","createdon":"9/24/2015"},
{"id":206,"name":"Ann Morgan","company":"Photojam","email":"amorgan5p@123-reg.co.uk","phone":"63-(155)272-3898","createdon":"2/18/2015"},
{"id":207,"name":"Steve Hansen","company":"Bluezoom","email":"shansen5q@dot.gov","phone":"86-(449)905-9553","createdon":"1/14/2015"},
{"id":208,"name":"Mildred Garza","company":"Twitterworks","email":"mgarza5r@admin.ch","phone":"86-(392)415-8475","createdon":"3/21/2015"},
{"id":209,"name":"Susan Peterson","company":"Ailane","email":"speterson5s@list-manage.com","phone":"86-(825)423-7731","createdon":"7/8/2015"},
{"id":210,"name":"Cheryl Bennett","company":"Leenti","email":"cbennett5t@woothemes.com","phone":"351-(305)159-3877","createdon":"1/6/2015"},
{"id":211,"name":"Paul Lawson","company":"Flashdog","email":"plawson5u@goo.ne.jp","phone":"62-(325)413-4988","createdon":"11/24/2015"},
{"id":212,"name":"Carl Ferguson","company":"Realfire","email":"cferguson5v@google.com","phone":"386-(369)863-7320","createdon":"10/26/2015"},
{"id":213,"name":"Lori Hernandez","company":"Devshare","email":"lhernandez5w@fda.gov","phone":"33-(833)678-1067","createdon":"2/1/2015"},
{"id":214,"name":"Barbara Lewis","company":"Oyoyo","email":"blewis5x@bluehost.com","phone":"48-(890)627-6118","createdon":"10/11/2015"},
{"id":215,"name":"Carl Phillips","company":"Avamm","email":"cphillips5y@biglobe.ne.jp","phone":"55-(765)529-8434","createdon":"3/7/2015"},
{"id":216,"name":"Ruth Carter","company":"Janyx","email":"rcarter5z@marriott.com","phone":"51-(983)870-9344","createdon":"8/8/2015"},
{"id":217,"name":"Lois Oliver","company":"Photospace","email":"loliver60@exblog.jp","phone":"66-(595)876-5526","createdon":"8/29/2015"},
{"id":218,"name":"Matthew Ruiz","company":"Wordtune","email":"mruiz61@constantcontact.com","phone":"82-(816)504-2378","createdon":"8/12/2015"},
{"id":219,"name":"Kelly Stevens","company":"Skyvu","email":"kstevens62@statcounter.com","phone":"62-(252)574-6063","createdon":"5/11/2015"},
{"id":220,"name":"Jimmy Hudson","company":"Gigashots","email":"jhudson63@mac.com","phone":"46-(903)663-9163","createdon":"6/26/2015"},
{"id":221,"name":"Barbara Collins","company":"Yozio","email":"bcollins64@sphinn.com","phone":"380-(268)969-2437","createdon":"5/9/2015"},
{"id":222,"name":"Bobby Cooper","company":"Gigaclub","email":"bcooper65@reference.com","phone":"33-(327)182-2044","createdon":"8/27/2015"},
{"id":223,"name":"Judith Gray","company":"Rhybox","email":"jgray66@flavors.me","phone":"86-(999)271-9413","createdon":"2/7/2015"},
{"id":224,"name":"Eric Stewart","company":"Zoombeat","email":"estewart67@usda.gov","phone":"850-(951)105-0891","createdon":"12/17/2014"},
{"id":225,"name":"Helen Howard","company":"Skivee","email":"hhoward68@odnoklassniki.ru","phone":"98-(269)640-1619","createdon":"3/14/2015"},
{"id":226,"name":"Jonathan White","company":"Photobug","email":"jwhite69@un.org","phone":"86-(598)589-5429","createdon":"3/19/2015"},
{"id":227,"name":"Amanda Garrett","company":"Blogtag","email":"agarrett6a@umich.edu","phone":"30-(239)467-5278","createdon":"1/22/2015"},
{"id":228,"name":"Edward Lynch","company":"Eidel","email":"elynch6b@bing.com","phone":"63-(983)927-1894","createdon":"1/26/2015"},
{"id":229,"name":"Steven Bailey","company":"Mynte","email":"sbailey6c@hibu.com","phone":"220-(752)651-5282","createdon":"6/3/2015"},
{"id":230,"name":"Diana Armstrong","company":"Yoveo","email":"darmstrong6d@skyrock.com","phone":"371-(703)364-7555","createdon":"9/23/2015"},
{"id":231,"name":"Ronald Clark","company":"Wordware","email":"rclark6e@huffingtonpost.com","phone":"86-(896)218-6935","createdon":"11/14/2015"},
{"id":232,"name":"Theresa Jenkins","company":"LiveZ","email":"tjenkins6f@angelfire.com","phone":"46-(704)960-0787","createdon":"8/23/2015"},
{"id":233,"name":"Michelle King","company":"Zazio","email":"mking6g@trellian.com","phone":"86-(319)512-1591","createdon":"1/10/2015"},
{"id":234,"name":"Angela Cox","company":"Trunyx","email":"acox6h@gov.uk","phone":"1-(814)291-7544","createdon":"2/2/2015"},
{"id":235,"name":"Scott Sims","company":"Bubblemix","email":"ssims6i@mac.com","phone":"62-(431)278-8363","createdon":"3/26/2015"},
{"id":236,"name":"Lawrence Cunningham","company":"Vinte","email":"lcunningham6j@phoca.cz","phone":"62-(639)865-2765","createdon":"6/7/2015"},
{"id":237,"name":"Lisa Alvarez","company":"Linktype","email":"lalvarez6k@webmd.com","phone":"236-(488)302-9702","createdon":"2/23/2015"},
{"id":238,"name":"Louise Vasquez","company":"Bubbletube","email":"lvasquez6l@wufoo.com","phone":"62-(211)244-7514","createdon":"11/12/2015"},
{"id":239,"name":"Diane Gilbert","company":"Brainsphere","email":"dgilbert6m@goo.ne.jp","phone":"1-(610)226-7782","createdon":"2/18/2015"},
{"id":240,"name":"Victor Berry","company":"Yakidoo","email":"vberry6n@purevolume.com","phone":"81-(717)312-3178","createdon":"3/27/2015"},
{"id":241,"name":"Louis Riley","company":"Kwideo","email":"lriley6o@msu.edu","phone":"33-(682)268-2405","createdon":"4/1/2015"},
{"id":242,"name":"Diana Wells","company":"Janyx","email":"dwells6p@miibeian.gov.cn","phone":"86-(960)738-0770","createdon":"9/23/2015"},
{"id":243,"name":"Mark Riley","company":"Bluejam","email":"mriley6q@google.com.hk","phone":"86-(871)502-2470","createdon":"11/28/2015"},
{"id":244,"name":"Robin Long","company":"Kaymbo","email":"rlong6r@wisc.edu","phone":"54-(564)370-3602","createdon":"8/20/2015"},
{"id":245,"name":"Betty Jordan","company":"Camido","email":"bjordan6s@who.int","phone":"51-(328)869-5771","createdon":"8/9/2015"},
{"id":246,"name":"Michelle Lee","company":"DabZ","email":"mlee6t@amazon.com","phone":"48-(456)845-1153","createdon":"4/13/2015"},
{"id":247,"name":"Susan Spencer","company":"Dynazzy","email":"sspencer6u@abc.net.au","phone":"242-(789)186-9357","createdon":"2/1/2015"},
{"id":248,"name":"Lawrence Vasquez","company":"Oodoo","email":"lvasquez6v@prnewswire.com","phone":"1-(453)936-4587","createdon":"3/2/2015"},
{"id":249,"name":"Martha Mcdonald","company":"Oloo","email":"mmcdonald6w@irs.gov","phone":"63-(191)802-3336","createdon":"7/8/2015"},
{"id":250,"name":"Donna Larson","company":"Browseblab","email":"dlarson6x@ocn.ne.jp","phone":"7-(701)513-5020","createdon":"3/17/2015"},
{"id":251,"name":"Larry Bennett","company":"Zoombox","email":"lbennett6y@aboutads.info","phone":"57-(677)918-5683","createdon":"4/27/2015"},
{"id":252,"name":"Jane Hayes","company":"Quimm","email":"jhayes6z@comcast.net","phone":"62-(801)426-6826","createdon":"5/10/2015"},
{"id":253,"name":"Marie Walker","company":"Voonder","email":"mwalker70@intel.com","phone":"86-(201)410-3840","createdon":"4/11/2015"},
{"id":254,"name":"Philip Howell","company":"Wordpedia","email":"phowell71@toplist.cz","phone":"86-(316)766-0398","createdon":"11/4/2015"},
{"id":255,"name":"Charles Hawkins","company":"Rooxo","email":"chawkins72@vk.com","phone":"7-(761)771-3674","createdon":"10/17/2015"},
{"id":256,"name":"Teresa Hicks","company":"Browseblab","email":"thicks73@gmpg.org","phone":"995-(590)690-4185","createdon":"1/17/2015"},
{"id":257,"name":"Lawrence Welch","company":"Dynabox","email":"lwelch74@facebook.com","phone":"56-(461)818-0007","createdon":"1/12/2015"},
{"id":258,"name":"Jacqueline Pierce","company":"Tagfeed","email":"jpierce75@creativecommons.org","phone":"33-(476)468-5941","createdon":"10/30/2015"},
{"id":259,"name":"Karen Martin","company":"Eabox","email":"kmartin76@xinhuanet.com","phone":"62-(494)652-3559","createdon":"7/19/2015"},
{"id":260,"name":"Julia Green","company":"Feednation","email":"jgreen77@fc2.com","phone":"48-(287)416-1705","createdon":"6/24/2015"},
{"id":261,"name":"Jimmy Lewis","company":"Kare","email":"jlewis78@comcast.net","phone":"62-(366)558-7673","createdon":"11/21/2015"},
{"id":262,"name":"Nicole Williams","company":"Janyx","email":"nwilliams79@bloglines.com","phone":"64-(828)913-9188","createdon":"11/2/2015"},
{"id":263,"name":"Evelyn Hansen","company":"Cogibox","email":"ehansen7a@google.com.au","phone":"33-(939)561-8771","createdon":"11/3/2015"},
{"id":264,"name":"Brian Andrews","company":"Blogtag","email":"bandrews7b@seattletimes.com","phone":"7-(699)796-5149","createdon":"2/1/2015"},
{"id":265,"name":"Billy Myers","company":"Wikizz","email":"bmyers7c@reuters.com","phone":"63-(670)104-8020","createdon":"12/1/2014"},
{"id":266,"name":"Eugene Richards","company":"Skippad","email":"erichards7d@newsvine.com","phone":"86-(489)617-6688","createdon":"8/18/2015"},
{"id":267,"name":"Jeremy Thomas","company":"Omba","email":"jthomas7e@home.pl","phone":"47-(889)931-1764","createdon":"9/24/2015"},
{"id":268,"name":"Samuel Roberts","company":"Flashset","email":"sroberts7f@comsenz.com","phone":"48-(531)326-3496","createdon":"12/5/2014"},
{"id":269,"name":"Patrick Ellis","company":"Browsecat","email":"pellis7g@state.tx.us","phone":"46-(206)172-3994","createdon":"10/4/2015"},
{"id":270,"name":"Bruce Powell","company":"Pixoboo","email":"bpowell7h@eepurl.com","phone":"62-(863)397-0971","createdon":"2/5/2015"},
{"id":271,"name":"Janet Howell","company":"Youtags","email":"jhowell7i@fda.gov","phone":"62-(631)208-1374","createdon":"8/24/2015"},
{"id":272,"name":"Norma Sanchez","company":"Brightdog","email":"nsanchez7j@bigcartel.com","phone":"7-(366)258-8678","createdon":"9/17/2015"},
{"id":273,"name":"Marie Jackson","company":"Babbleblab","email":"mjackson7k@sphinn.com","phone":"380-(276)240-5607","createdon":"6/7/2015"},
{"id":274,"name":"Debra Burns","company":"Topicblab","email":"dburns7l@pcworld.com","phone":"86-(455)632-7371","createdon":"2/14/2015"},
{"id":275,"name":"Arthur Sims","company":"Twitterlist","email":"asims7m@reddit.com","phone":"81-(911)970-3404","createdon":"6/6/2015"},
{"id":276,"name":"Gerald Black","company":"Dynabox","email":"gblack7n@de.vu","phone":"86-(422)271-1306","createdon":"12/10/2014"},
{"id":277,"name":"Jason Mills","company":"Quaxo","email":"jmills7o@wikimedia.org","phone":"33-(280)786-7705","createdon":"2/22/2015"},
{"id":278,"name":"Jack Gordon","company":"Wikizz","email":"jgordon7p@google.pl","phone":"964-(570)988-3029","createdon":"5/25/2015"},
{"id":279,"name":"Betty Fox","company":"Ailane","email":"bfox7q@ftc.gov","phone":"86-(432)377-6488","createdon":"9/5/2015"},
{"id":280,"name":"Kathryn Willis","company":"Geba","email":"kwillis7r@issuu.com","phone":"387-(317)922-8902","createdon":"2/5/2015"},
{"id":281,"name":"Carol Mitchell","company":"Voonyx","email":"cmitchell7s@wikispaces.com","phone":"269-(173)895-0854","createdon":"3/30/2015"},
{"id":282,"name":"Kevin Long","company":"Trudeo","email":"klong7t@hubpages.com","phone":"86-(603)524-0770","createdon":"8/10/2015"},
{"id":283,"name":"Heather Greene","company":"Skidoo","email":"hgreene7u@reverbnation.com","phone":"51-(674)507-8786","createdon":"4/8/2015"},
{"id":284,"name":"Barbara Henderson","company":"Ntag","email":"bhenderson7v@earthlink.net","phone":"351-(139)802-3352","createdon":"7/3/2015"},
{"id":285,"name":"Mark Olson","company":"Zoomcast","email":"molson7w@rambler.ru","phone":"880-(830)499-5278","createdon":"1/28/2015"},
{"id":286,"name":"Wanda Little","company":"Bubblemix","email":"wlittle7x@boston.com","phone":"62-(683)507-5249","createdon":"12/7/2014"},
{"id":287,"name":"Cynthia Welch","company":"Tagpad","email":"cwelch7y@vinaora.com","phone":"994-(567)491-3776","createdon":"7/25/2015"},
{"id":288,"name":"Matthew Nelson","company":"DabZ","email":"mnelson7z@devhub.com","phone":"86-(568)571-5744","createdon":"2/12/2015"},
{"id":289,"name":"Chris Nelson","company":"Rhybox","email":"cnelson80@oakley.com","phone":"86-(450)470-4325","createdon":"11/11/2015"},
{"id":290,"name":"Kevin Reid","company":"Bubblebox","email":"kreid81@mlb.com","phone":"57-(893)472-2671","createdon":"8/18/2015"},
{"id":291,"name":"John Arnold","company":"Topiczoom","email":"jarnold82@de.vu","phone":"63-(812)489-9484","createdon":"5/19/2015"},
{"id":292,"name":"Diana Romero","company":"Jabbersphere","email":"dromero83@washington.edu","phone":"62-(683)706-4216","createdon":"3/13/2015"},
{"id":293,"name":"Aaron Patterson","company":"Zoozzy","email":"apatterson84@bluehost.com","phone":"7-(262)640-5980","createdon":"6/27/2015"},
{"id":294,"name":"Nicholas Snyder","company":"Kaymbo","email":"nsnyder85@geocities.com","phone":"55-(228)548-0268","createdon":"2/12/2015"},
{"id":295,"name":"Willie Ellis","company":"Jabbercube","email":"wellis86@goodreads.com","phone":"7-(853)268-3350","createdon":"3/14/2015"},
{"id":296,"name":"Donna Andrews","company":"Gabcube","email":"dandrews87@geocities.jp","phone":"1-(203)982-3926","createdon":"6/8/2015"},
{"id":297,"name":"Jerry Jenkins","company":"Kamba","email":"jjenkins88@nhs.uk","phone":"86-(332)183-9459","createdon":"9/25/2015"},
{"id":298,"name":"Steve Kelly","company":"Linklinks","email":"skelly89@blogs.com","phone":"86-(302)461-0730","createdon":"2/22/2015"},
{"id":299,"name":"Adam Lopez","company":"Photobean","email":"alopez8a@hubpages.com","phone":"1-(936)346-3130","createdon":"11/13/2015"},
{"id":300,"name":"Juan Gutierrez","company":"Yakijo","email":"jgutierrez8b@wikispaces.com","phone":"62-(200)559-2026","createdon":"4/24/2015"},
{"id":301,"name":"Margaret Kennedy","company":"Realbridge","email":"mkennedy8c@last.fm","phone":"387-(171)491-4557","createdon":"2/3/2015"},
{"id":302,"name":"Phyllis Snyder","company":"Tagtune","email":"psnyder8d@fastcompany.com","phone":"62-(780)949-9577","createdon":"5/16/2015"},
{"id":303,"name":"Gregory Carroll","company":"Tanoodle","email":"gcarroll8e@reverbnation.com","phone":"86-(682)714-7196","createdon":"3/29/2015"},
{"id":304,"name":"Tammy Mason","company":"Devpoint","email":"tmason8f@360.cn","phone":"55-(380)282-6427","createdon":"3/16/2015"},
{"id":305,"name":"Paula Kelley","company":"Blogtags","email":"pkelley8g@geocities.jp","phone":"505-(914)897-8788","createdon":"3/29/2015"},
{"id":306,"name":"Robin Castillo","company":"Skimia","email":"rcastillo8h@salon.com","phone":"234-(576)907-0140","createdon":"10/22/2015"},
{"id":307,"name":"Nancy Nelson","company":"Browsecat","email":"nnelson8i@blogspot.com","phone":"86-(948)991-5882","createdon":"6/25/2015"},
{"id":308,"name":"Carlos Scott","company":"Skyba","email":"cscott8j@marketwatch.com","phone":"86-(430)136-7049","createdon":"11/17/2015"},
{"id":309,"name":"Roy Snyder","company":"Buzzdog","email":"rsnyder8k@sbwire.com","phone":"86-(467)949-9770","createdon":"4/14/2015"},
{"id":310,"name":"Doris George","company":"Skyndu","email":"dgeorge8l@ezinearticles.com","phone":"358-(994)297-7600","createdon":"7/6/2015"},
{"id":311,"name":"John Harrison","company":"Kwinu","email":"jharrison8m@tinypic.com","phone":"234-(442)517-3955","createdon":"2/18/2015"},
{"id":312,"name":"Joe Phillips","company":"Leexo","email":"jphillips8n@stanford.edu","phone":"46-(909)625-5586","createdon":"12/13/2014"},
{"id":313,"name":"Bonnie Hamilton","company":"Tagtune","email":"bhamilton8o@hatena.ne.jp","phone":"86-(753)871-7186","createdon":"12/14/2014"},
{"id":314,"name":"Amy Stone","company":"Twinder","email":"astone8p@over-blog.com","phone":"52-(297)158-4040","createdon":"10/13/2015"},
{"id":315,"name":"Lisa Stevens","company":"Babbleset","email":"lstevens8q@squidoo.com","phone":"591-(319)910-5917","createdon":"7/29/2015"},
{"id":316,"name":"Elizabeth Harper","company":"Twitternation","email":"eharper8r@omniture.com","phone":"84-(289)707-9343","createdon":"4/28/2015"},
{"id":317,"name":"Todd Fuller","company":"Myworks","email":"tfuller8s@walmart.com","phone":"1-(580)367-3349","createdon":"4/24/2015"},
{"id":318,"name":"Terry Sullivan","company":"Ozu","email":"tsullivan8t@zdnet.com","phone":"351-(262)186-7775","createdon":"9/18/2015"},
{"id":319,"name":"Virginia Tucker","company":"Skalith","email":"vtucker8u@dedecms.com","phone":"93-(735)185-0975","createdon":"12/2/2014"},
{"id":320,"name":"Johnny Austin","company":"Shuffletag","email":"jaustin8v@arstechnica.com","phone":"63-(774)593-5595","createdon":"8/25/2015"},
{"id":321,"name":"Carlos Lawson","company":"Pixonyx","email":"clawson8w@skyrock.com","phone":"1-(314)282-4268","createdon":"1/7/2015"},
{"id":322,"name":"Jean Alexander","company":"Devshare","email":"jalexander8x@bloglines.com","phone":"86-(289)975-0977","createdon":"2/2/2015"},
{"id":323,"name":"Katherine Graham","company":"Flashspan","email":"kgraham8y@scribd.com","phone":"55-(764)847-4997","createdon":"7/8/2015"},
{"id":324,"name":"Billy Weaver","company":"Rhybox","email":"bweaver8z@1und1.de","phone":"86-(238)564-1351","createdon":"1/17/2015"},
{"id":325,"name":"Denise Morales","company":"Avamba","email":"dmorales90@europa.eu","phone":"51-(894)378-2825","createdon":"4/15/2015"},
{"id":326,"name":"Rose Tucker","company":"Skajo","email":"rtucker91@baidu.com","phone":"226-(164)832-9183","createdon":"4/27/2015"},
{"id":327,"name":"Carol Hayes","company":"Skivee","email":"chayes92@fema.gov","phone":"82-(190)414-0706","createdon":"8/1/2015"},
{"id":328,"name":"Elizabeth Elliott","company":"Ntag","email":"eelliott93@ucoz.ru","phone":"62-(654)617-8471","createdon":"12/11/2014"},
{"id":329,"name":"Patricia Kim","company":"Voonder","email":"pkim94@nifty.com","phone":"62-(676)696-0889","createdon":"12/11/2014"},
{"id":330,"name":"Karen Bell","company":"Dynazzy","email":"kbell95@wunderground.com","phone":"358-(354)579-2476","createdon":"9/27/2015"},
{"id":331,"name":"Carlos Perez","company":"Twitterworks","email":"cperez96@ed.gov","phone":"351-(754)496-0818","createdon":"1/19/2015"},
{"id":332,"name":"Peter Turner","company":"Camido","email":"pturner97@webeden.co.uk","phone":"58-(735)527-6075","createdon":"4/30/2015"},
{"id":333,"name":"Jose Lee","company":"Eimbee","email":"jlee98@icq.com","phone":"94-(294)645-0641","createdon":"2/1/2015"},
{"id":334,"name":"Peter Henderson","company":"Centizu","email":"phenderson99@devhub.com","phone":"62-(671)878-1933","createdon":"6/14/2015"},
{"id":335,"name":"Frank Stephens","company":"Snaptags","email":"fstephens9a@netvibes.com","phone":"223-(585)553-0272","createdon":"7/5/2015"},
{"id":336,"name":"Bonnie Murphy","company":"Rhyzio","email":"bmurphy9b@uol.com.br","phone":"351-(405)305-3054","createdon":"6/14/2015"},
{"id":337,"name":"Edward Stanley","company":"Ntag","email":"estanley9c@technorati.com","phone":"351-(996)426-2040","createdon":"9/20/2015"},
{"id":338,"name":"Margaret Carter","company":"Camimbo","email":"mcarter9d@tinyurl.com","phone":"62-(368)244-0299","createdon":"8/9/2015"},
{"id":339,"name":"Annie Johnston","company":"Realbridge","email":"ajohnston9e@ask.com","phone":"685-(663)377-1170","createdon":"2/14/2015"},
{"id":340,"name":"Melissa Reid","company":"Buzzdog","email":"mreid9f@sakura.ne.jp","phone":"63-(245)326-4638","createdon":"12/24/2014"},
{"id":341,"name":"Christina Jacobs","company":"Trupe","email":"cjacobs9g@army.mil","phone":"260-(184)370-4742","createdon":"5/21/2015"},
{"id":342,"name":"Billy Olson","company":"Camimbo","email":"bolson9h@posterous.com","phone":"967-(522)127-3034","createdon":"3/25/2015"},
{"id":343,"name":"Nicholas Rodriguez","company":"Feedfire","email":"nrodriguez9i@gov.uk","phone":"57-(296)608-4988","createdon":"1/17/2015"},
{"id":344,"name":"Sarah Morris","company":"Geba","email":"smorris9j@pinterest.com","phone":"995-(427)510-3674","createdon":"10/30/2015"},
{"id":345,"name":"Matthew Rodriguez","company":"Photofeed","email":"mrodriguez9k@meetup.com","phone":"86-(393)673-6675","createdon":"1/5/2015"},
{"id":346,"name":"Wayne Stewart","company":"Mycat","email":"wstewart9l@ed.gov","phone":"86-(105)466-8934","createdon":"11/24/2015"},
{"id":347,"name":"Sandra Garza","company":"Jaxworks","email":"sgarza9m@businessweek.com","phone":"502-(273)272-9507","createdon":"9/10/2015"},
{"id":348,"name":"Willie Carpenter","company":"Skinder","email":"wcarpenter9n@time.com","phone":"212-(544)553-6217","createdon":"1/10/2015"},
{"id":349,"name":"Paula Castillo","company":"Dabvine","email":"pcastillo9o@springer.com","phone":"691-(621)693-6359","createdon":"10/26/2015"},
{"id":350,"name":"Denise Hunt","company":"Wordpedia","email":"dhunt9p@slate.com","phone":"380-(219)370-2444","createdon":"12/1/2014"},
{"id":351,"name":"Laura Mcdonald","company":"Jetwire","email":"lmcdonald9q@pinterest.com","phone":"236-(478)760-9751","createdon":"7/7/2015"},
{"id":352,"name":"Diana Howell","company":"Ainyx","email":"dhowell9r@simplemachines.org","phone":"86-(856)205-7863","createdon":"2/18/2015"},
{"id":353,"name":"Irene Gibson","company":"Vimbo","email":"igibson9s@wiley.com","phone":"55-(854)420-1515","createdon":"3/10/2015"},
{"id":354,"name":"Judy Hayes","company":"Voolia","email":"jhayes9t@oakley.com","phone":"593-(143)277-4951","createdon":"2/14/2015"},
{"id":355,"name":"Paula Mills","company":"Dazzlesphere","email":"pmills9u@barnesandnoble.com","phone":"63-(451)311-9925","createdon":"8/19/2015"},
{"id":356,"name":"Juan King","company":"Myworks","email":"jking9v@yahoo.com","phone":"51-(240)629-1892","createdon":"1/25/2015"},
{"id":357,"name":"Barbara Rose","company":"Twitterwire","email":"brose9w@dell.com","phone":"86-(221)384-2796","createdon":"5/4/2015"},
{"id":358,"name":"Jane Willis","company":"Wikizz","email":"jwillis9x@fema.gov","phone":"967-(917)740-7928","createdon":"6/11/2015"},
{"id":359,"name":"Jacqueline Andrews","company":"Yabox","email":"jandrews9y@amazon.de","phone":"66-(437)429-9391","createdon":"9/9/2015"},
{"id":360,"name":"Thomas Moreno","company":"Meevee","email":"tmoreno9z@independent.co.uk","phone":"48-(494)853-4918","createdon":"12/3/2014"},
{"id":361,"name":"Julie West","company":"Jabbertype","email":"jwesta0@psu.edu","phone":"63-(105)122-8348","createdon":"12/7/2014"},
{"id":362,"name":"Linda Hayes","company":"Twitternation","email":"lhayesa1@comsenz.com","phone":"81-(694)703-5716","createdon":"9/17/2015"},
{"id":363,"name":"Terry Brown","company":"Livefish","email":"tbrowna2@netvibes.com","phone":"86-(676)965-4842","createdon":"3/15/2015"},
{"id":364,"name":"Marie Rose","company":"Kare","email":"mrosea3@addtoany.com","phone":"86-(711)351-7798","createdon":"12/7/2014"},
{"id":365,"name":"Joseph Martinez","company":"Meembee","email":"jmartineza4@themeforest.net","phone":"81-(338)347-5832","createdon":"12/10/2014"},
{"id":366,"name":"Susan Williams","company":"Shufflester","email":"swilliamsa5@multiply.com","phone":"86-(361)342-4784","createdon":"3/11/2015"},
{"id":367,"name":"Roger Alexander","company":"Zazio","email":"ralexandera6@google.com.hk","phone":"55-(517)827-2037","createdon":"1/26/2015"},
{"id":368,"name":"Louis Ramirez","company":"Topicware","email":"lramireza7@yandex.ru","phone":"48-(469)175-5112","createdon":"3/15/2015"},
{"id":369,"name":"Shirley Hunter","company":"Eire","email":"shuntera8@scribd.com","phone":"1-(540)351-6563","createdon":"5/4/2015"},
{"id":370,"name":"Jonathan Oliver","company":"Youfeed","email":"jolivera9@miibeian.gov.cn","phone":"680-(764)361-5504","createdon":"2/3/2015"},
{"id":371,"name":"Margaret Duncan","company":"Plambee","email":"mduncanaa@amazon.de","phone":"358-(134)670-3495","createdon":"2/6/2015"},
{"id":372,"name":"Phillip George","company":"Agimba","email":"pgeorgeab@wikimedia.org","phone":"55-(360)325-4133","createdon":"12/27/2014"},
{"id":373,"name":"Carlos Warren","company":"Skippad","email":"cwarrenac@booking.com","phone":"62-(832)853-6187","createdon":"3/21/2015"},
{"id":374,"name":"Kathleen Burke","company":"Feednation","email":"kburkead@uol.com.br","phone":"86-(907)671-7527","createdon":"12/17/2014"},
{"id":375,"name":"Scott Baker","company":"Dynabox","email":"sbakerae@kickstarter.com","phone":"972-(542)991-1790","createdon":"8/3/2015"},
{"id":376,"name":"Rose Stone","company":"Chatterbridge","email":"rstoneaf@eepurl.com","phone":"976-(204)294-8708","createdon":"1/23/2015"},
{"id":377,"name":"Janice Thomas","company":"Oyonder","email":"jthomasag@engadget.com","phone":"48-(776)890-1692","createdon":"6/18/2015"},
{"id":378,"name":"Maria Hernandez","company":"Meevee","email":"mhernandezah@wired.com","phone":"593-(374)352-1035","createdon":"1/6/2015"},
{"id":379,"name":"Adam Simpson","company":"Oba","email":"asimpsonai@themeforest.net","phone":"81-(885)260-0346","createdon":"1/3/2015"},
{"id":380,"name":"Christine Gray","company":"Dynazzy","email":"cgrayaj@princeton.edu","phone":"593-(970)480-8333","createdon":"3/30/2015"},
{"id":381,"name":"Kimberly Kelley","company":"Yodoo","email":"kkelleyak@ucla.edu","phone":"1-(404)473-5496","createdon":"12/12/2014"},
{"id":382,"name":"Ronald Frazier","company":"Topicshots","email":"rfrazieral@umich.edu","phone":"86-(550)802-3884","createdon":"9/20/2015"},
{"id":383,"name":"Phyllis Reyes","company":"Babblestorm","email":"preyesam@addtoany.com","phone":"55-(342)117-9498","createdon":"5/7/2015"},
{"id":384,"name":"Rebecca Dixon","company":"Jayo","email":"rdixonan@businessinsider.com","phone":"86-(863)187-8824","createdon":"11/3/2015"},
{"id":385,"name":"Lisa Rivera","company":"Buzzbean","email":"lriveraao@hp.com","phone":"7-(516)525-8548","createdon":"10/26/2015"},
{"id":386,"name":"Clarence Lynch","company":"Skyndu","email":"clynchap@hexun.com","phone":"353-(665)699-5636","createdon":"3/3/2015"},
{"id":387,"name":"John Olson","company":"Meeveo","email":"jolsonaq@4shared.com","phone":"51-(227)575-0915","createdon":"12/7/2014"},
{"id":388,"name":"Andrea Morales","company":"Topiczoom","email":"amoralesar@wordpress.org","phone":"84-(968)858-3364","createdon":"11/13/2015"},
{"id":389,"name":"Elizabeth White","company":"Kwimbee","email":"ewhiteas@biblegateway.com","phone":"62-(871)683-6528","createdon":"10/12/2015"},
{"id":390,"name":"Henry Sullivan","company":"Mynte","email":"hsullivanat@free.fr","phone":"355-(950)977-4335","createdon":"11/25/2015"},
{"id":391,"name":"Nancy Walker","company":"Dabvine","email":"nwalkerau@netscape.com","phone":"53-(420)429-2402","createdon":"3/16/2015"},
{"id":392,"name":"Bonnie Reyes","company":"Dabfeed","email":"breyesav@illinois.edu","phone":"86-(715)873-3829","createdon":"11/12/2015"},
{"id":393,"name":"Robert Bradley","company":"Zooveo","email":"rbradleyaw@symantec.com","phone":"66-(139)359-4311","createdon":"12/7/2014"},
{"id":394,"name":"Kathy Riley","company":"Skyndu","email":"krileyax@adobe.com","phone":"387-(775)915-5869","createdon":"5/10/2015"},
{"id":395,"name":"Irene Hayes","company":"Shufflebeat","email":"ihayesay@java.com","phone":"-(771)796-4997","createdon":"1/3/2015"},
{"id":396,"name":"Joan Vasquez","company":"Tagtune","email":"jvasquezaz@creativecommons.org","phone":"86-(851)158-7773","createdon":"4/4/2015"},
{"id":397,"name":"Samuel Boyd","company":"Rooxo","email":"sboydb0@dagondesign.com","phone":"1-(475)189-7816","createdon":"6/23/2015"},
{"id":398,"name":"Anthony Bowman","company":"Fatz","email":"abowmanb1@biglobe.ne.jp","phone":"86-(361)361-4219","createdon":"5/7/2015"},
{"id":399,"name":"Ryan Boyd","company":"Skyndu","email":"rboydb2@ow.ly","phone":"242-(324)317-1067","createdon":"11/14/2015"},
{"id":400,"name":"Frances Fernandez","company":"Midel","email":"ffernandezb3@webeden.co.uk","phone":"62-(997)910-3787","createdon":"3/22/2015"},
{"id":401,"name":"Craig Johnson","company":"Jabberbean","email":"cjohnsonb4@aboutads.info","phone":"7-(141)797-3642","createdon":"3/16/2015"},
{"id":402,"name":"Emily Turner","company":"Flipstorm","email":"eturnerb5@technorati.com","phone":"598-(756)385-9879","createdon":"4/25/2015"},
{"id":403,"name":"Sandra Hanson","company":"Eazzy","email":"shansonb6@pagesperso-orange.fr","phone":"254-(583)183-6166","createdon":"3/1/2015"},
{"id":404,"name":"Barbara Martinez","company":"Skyba","email":"bmartinezb7@blogs.com","phone":"351-(985)948-1062","createdon":"11/29/2015"},
{"id":405,"name":"Arthur Mccoy","company":"Geba","email":"amccoyb8@loc.gov","phone":"86-(832)145-6509","createdon":"11/19/2015"},
{"id":406,"name":"Eric Carr","company":"Eayo","email":"ecarrb9@jugem.jp","phone":"62-(535)636-9851","createdon":"5/27/2015"},
{"id":407,"name":"Brandon Perez","company":"Bubbletube","email":"bperezba@oracle.com","phone":"234-(995)323-5254","createdon":"6/4/2015"},
{"id":408,"name":"Linda Martinez","company":"Skalith","email":"lmartinezbb@columbia.edu","phone":"1-(602)116-7334","createdon":"10/31/2015"},
{"id":409,"name":"Robert Fernandez","company":"Dabvine","email":"rfernandezbc@mozilla.com","phone":"62-(299)150-1788","createdon":"10/28/2015"},
{"id":410,"name":"Walter Ray","company":"Avavee","email":"wraybd@accuweather.com","phone":"86-(407)811-2495","createdon":"5/1/2015"},
{"id":411,"name":"Benjamin Ward","company":"Devcast","email":"bwardbe@wsj.com","phone":"351-(645)970-5141","createdon":"12/11/2014"},
{"id":412,"name":"Peter Sullivan","company":"Kwilith","email":"psullivanbf@photobucket.com","phone":"66-(436)183-6078","createdon":"9/9/2015"},
{"id":413,"name":"Stephanie Jones","company":"Flashpoint","email":"sjonesbg@fc2.com","phone":"62-(152)458-4548","createdon":"7/20/2015"},
{"id":414,"name":"Anna Cook","company":"Wordtune","email":"acookbh@wikia.com","phone":"92-(215)160-5448","createdon":"1/5/2015"},
{"id":415,"name":"Stephen Owens","company":"Pixope","email":"sowensbi@ning.com","phone":"86-(321)248-5949","createdon":"3/2/2015"},
{"id":416,"name":"William Fields","company":"Fliptune","email":"wfieldsbj@mtv.com","phone":"86-(300)943-4966","createdon":"12/10/2014"},
{"id":417,"name":"Johnny Hill","company":"Jayo","email":"jhillbk@who.int","phone":"7-(832)886-0904","createdon":"9/16/2015"},
{"id":418,"name":"Benjamin Fernandez","company":"Leexo","email":"bfernandezbl@ted.com","phone":"62-(381)426-9676","createdon":"10/29/2015"},
{"id":419,"name":"Jason Wagner","company":"Meetz","email":"jwagnerbm@opensource.org","phone":"86-(757)918-1696","createdon":"10/26/2015"},
{"id":420,"name":"Shirley Garrett","company":"Wikibox","email":"sgarrettbn@fema.gov","phone":"62-(786)529-8866","createdon":"8/11/2015"},
{"id":421,"name":"Jack Brooks","company":"Photobean","email":"jbrooksbo@1688.com","phone":"7-(371)399-1809","createdon":"6/25/2015"},
{"id":422,"name":"Maria Jones","company":"Voolia","email":"mjonesbp@desdev.cn","phone":"7-(824)324-8927","createdon":"1/25/2015"},
{"id":423,"name":"Linda Simpson","company":"Nlounge","email":"lsimpsonbq@purevolume.com","phone":"351-(835)695-3689","createdon":"12/26/2014"},
{"id":424,"name":"Harry Cruz","company":"Realblab","email":"hcruzbr@miitbeian.gov.cn","phone":"62-(964)137-8631","createdon":"6/11/2015"},
{"id":425,"name":"Andrea Garrett","company":"Bluezoom","email":"agarrettbs@cam.ac.uk","phone":"1-(367)966-4007","createdon":"1/24/2015"},
{"id":426,"name":"Julie Hayes","company":"Realfire","email":"jhayesbt@cnbc.com","phone":"966-(702)784-3882","createdon":"8/11/2015"},
{"id":427,"name":"Carolyn Armstrong","company":"Voonder","email":"carmstrongbu@washington.edu","phone":"86-(519)161-9464","createdon":"6/8/2015"},
{"id":428,"name":"Brian Carpenter","company":"Layo","email":"bcarpenterbv@people.com.cn","phone":"86-(969)126-0034","createdon":"7/14/2015"},
{"id":429,"name":"Brandon Wright","company":"Meedoo","email":"bwrightbw@fastcompany.com","phone":"86-(619)432-7997","createdon":"4/9/2015"},
{"id":430,"name":"Elizabeth Franklin","company":"Jabbertype","email":"efranklinbx@imageshack.us","phone":"255-(230)893-4721","createdon":"2/12/2015"},
{"id":431,"name":"Jeremy Robinson","company":"Rhyzio","email":"jrobinsonby@topsy.com","phone":"62-(920)677-9938","createdon":"9/7/2015"},
{"id":432,"name":"Kenneth Clark","company":"Mynte","email":"kclarkbz@jalbum.net","phone":"51-(235)963-8697","createdon":"4/11/2015"},
{"id":433,"name":"Jeffrey Williams","company":"Mudo","email":"jwilliamsc0@1und1.de","phone":"98-(528)976-2180","createdon":"8/22/2015"},
{"id":434,"name":"Judith Gutierrez","company":"Kwinu","email":"jgutierrezc1@wikimedia.org","phone":"86-(140)605-0169","createdon":"1/11/2015"},
{"id":435,"name":"Anthony Nichols","company":"Voolith","email":"anicholsc2@wikimedia.org","phone":"98-(436)851-6125","createdon":"3/22/2015"},
{"id":436,"name":"Earl Perry","company":"Janyx","email":"eperryc3@etsy.com","phone":"48-(534)940-5529","createdon":"10/12/2015"},
{"id":437,"name":"Kelly Gutierrez","company":"Leenti","email":"kgutierrezc4@tuttocitta.it","phone":"86-(605)186-2127","createdon":"8/25/2015"},
{"id":438,"name":"Marie Lane","company":"Quinu","email":"mlanec5@prlog.org","phone":"86-(214)233-2112","createdon":"3/17/2015"},
{"id":439,"name":"Sarah Harper","company":"Lazzy","email":"sharperc6@e-recht24.de","phone":"86-(425)436-5157","createdon":"10/19/2015"},
{"id":440,"name":"Bonnie Lawson","company":"Trilia","email":"blawsonc7@wufoo.com","phone":"48-(615)712-7003","createdon":"1/22/2015"},
{"id":441,"name":"Raymond George","company":"Feednation","email":"rgeorgec8@google.co.uk","phone":"46-(807)250-3599","createdon":"8/6/2015"},
{"id":442,"name":"Justin Powell","company":"Photolist","email":"jpowellc9@about.com","phone":"62-(152)706-7224","createdon":"11/20/2015"},
{"id":443,"name":"Michelle Carr","company":"Eamia","email":"mcarrca@phoca.cz","phone":"86-(744)627-8981","createdon":"10/14/2015"},
{"id":444,"name":"Catherine Alvarez","company":"Oyope","email":"calvarezcb@tripod.com","phone":"62-(387)929-1807","createdon":"6/13/2015"},
{"id":445,"name":"Linda Ward","company":"JumpXS","email":"lwardcc@bandcamp.com","phone":"7-(422)460-5236","createdon":"7/17/2015"},
{"id":446,"name":"Dennis Fuller","company":"Muxo","email":"dfullercd@gmpg.org","phone":"66-(745)673-3319","createdon":"11/6/2015"},
{"id":447,"name":"Timothy Brooks","company":"Jaxworks","email":"tbrooksce@booking.com","phone":"593-(858)422-8705","createdon":"6/12/2015"},
{"id":448,"name":"Joshua Campbell","company":"Voomm","email":"jcampbellcf@abc.net.au","phone":"62-(931)342-0406","createdon":"10/29/2015"},
{"id":449,"name":"Teresa Sims","company":"Muxo","email":"tsimscg@mozilla.com","phone":"81-(965)942-4901","createdon":"8/8/2015"},
{"id":450,"name":"Beverly Simpson","company":"Trunyx","email":"bsimpsonch@plala.or.jp","phone":"84-(527)301-7486","createdon":"3/3/2015"},
{"id":451,"name":"Tammy Bradley","company":"Thoughtbeat","email":"tbradleyci@studiopress.com","phone":"56-(796)609-7803","createdon":"8/14/2015"},
{"id":452,"name":"Billy Watkins","company":"Divavu","email":"bwatkinscj@nytimes.com","phone":"1-(158)436-9769","createdon":"11/29/2015"},
{"id":453,"name":"Ernest Wagner","company":"Voomm","email":"ewagnerck@bluehost.com","phone":"86-(600)787-3642","createdon":"4/12/2015"},
{"id":454,"name":"Gerald Riley","company":"Tagfeed","email":"grileycl@wufoo.com","phone":"86-(461)499-6093","createdon":"8/14/2015"},
{"id":455,"name":"Julie Powell","company":"Jabberstorm","email":"jpowellcm@creativecommons.org","phone":"855-(170)584-1383","createdon":"1/9/2015"},
{"id":456,"name":"Nicholas Lane","company":"Tagfeed","email":"nlanecn@symantec.com","phone":"48-(106)233-2545","createdon":"5/13/2015"},
{"id":457,"name":"Antonio Clark","company":"Yacero","email":"aclarkco@irs.gov","phone":"63-(407)246-8392","createdon":"8/20/2015"},
{"id":458,"name":"Melissa Ray","company":"Aimbo","email":"mraycp@slashdot.org","phone":"62-(755)371-2024","createdon":"5/14/2015"},
{"id":459,"name":"William Daniels","company":"Twitterwire","email":"wdanielscq@spiegel.de","phone":"86-(705)589-1352","createdon":"8/25/2015"},
{"id":460,"name":"Cheryl Burns","company":"Riffpedia","email":"cburnscr@indiatimes.com","phone":"234-(497)807-5225","createdon":"8/24/2015"},
{"id":461,"name":"Jeremy West","company":"Kimia","email":"jwestcs@yolasite.com","phone":"994-(709)194-3797","createdon":"11/5/2015"},
{"id":462,"name":"Robert Morales","company":"Edgeify","email":"rmoralesct@freewebs.com","phone":"234-(660)286-6545","createdon":"11/24/2015"},
{"id":463,"name":"Jessica Campbell","company":"Rhybox","email":"jcampbellcu@cbslocal.com","phone":"86-(165)415-5165","createdon":"9/22/2015"},
{"id":464,"name":"Ryan Carpenter","company":"Photofeed","email":"rcarpentercv@istockphoto.com","phone":"84-(556)690-9249","createdon":"9/24/2015"},
{"id":465,"name":"Arthur Burton","company":"Mydo","email":"aburtoncw@sourceforge.net","phone":"502-(184)709-1403","createdon":"5/21/2015"},
{"id":466,"name":"Angela Olson","company":"Oyonder","email":"aolsoncx@google.com.hk","phone":"47-(965)638-5348","createdon":"1/28/2015"},
{"id":467,"name":"Joyce Robinson","company":"Gigazoom","email":"jrobinsoncy@google.fr","phone":"62-(758)749-6006","createdon":"11/17/2015"},
{"id":468,"name":"Andrew Simpson","company":"Npath","email":"asimpsoncz@jalbum.net","phone":"86-(546)449-5086","createdon":"5/16/2015"},
{"id":469,"name":"Marilyn Sims","company":"Quinu","email":"msimsd0@google.fr","phone":"86-(306)229-2060","createdon":"2/16/2015"},
{"id":470,"name":"Kevin Campbell","company":"LiveZ","email":"kcampbelld1@cnet.com","phone":"46-(923)372-2266","createdon":"6/16/2015"},
{"id":471,"name":"Ruth Hughes","company":"Zooxo","email":"rhughesd2@sakura.ne.jp","phone":"1-(438)151-4011","createdon":"12/17/2014"},
{"id":472,"name":"James Powell","company":"Vinte","email":"jpowelld3@cam.ac.uk","phone":"420-(512)316-7092","createdon":"12/4/2014"},
{"id":473,"name":"Justin Perez","company":"Digitube","email":"jperezd4@php.net","phone":"351-(329)803-2153","createdon":"12/19/2014"},
{"id":474,"name":"Larry Jordan","company":"Photolist","email":"ljordand5@intel.com","phone":"62-(583)727-1623","createdon":"5/4/2015"},
{"id":475,"name":"Barbara Wagner","company":"Gigabox","email":"bwagnerd6@flavors.me","phone":"62-(323)996-6141","createdon":"8/20/2015"},
{"id":476,"name":"Dorothy Larson","company":"Meevee","email":"dlarsond7@newsvine.com","phone":"86-(235)961-7327","createdon":"5/29/2015"},
{"id":477,"name":"Sara Fowler","company":"Quaxo","email":"sfowlerd8@purevolume.com","phone":"7-(332)417-6963","createdon":"9/17/2015"},
{"id":478,"name":"Emily Chapman","company":"Topicstorm","email":"echapmand9@spotify.com","phone":"220-(189)143-6371","createdon":"3/7/2015"},
{"id":479,"name":"Tina Carr","company":"Skidoo","email":"tcarrda@apple.com","phone":"380-(138)211-9074","createdon":"10/19/2015"},
{"id":480,"name":"Wanda Hunt","company":"Zoombox","email":"whuntdb@vkontakte.ru","phone":"7-(354)379-2135","createdon":"4/20/2015"},
{"id":481,"name":"Patricia Gutierrez","company":"Skajo","email":"pgutierrezdc@multiply.com","phone":"45-(996)495-9630","createdon":"7/7/2015"},
{"id":482,"name":"Judy Berry","company":"Livetube","email":"jberrydd@mashable.com","phone":"33-(639)935-7494","createdon":"11/6/2015"},
{"id":483,"name":"Ralph Dunn","company":"Jaloo","email":"rdunnde@sciencedaily.com","phone":"269-(710)185-0490","createdon":"9/24/2015"},
{"id":484,"name":"Jean Scott","company":"Trupe","email":"jscottdf@ow.ly","phone":"86-(654)700-7372","createdon":"5/1/2015"},
{"id":485,"name":"Mary Harvey","company":"Oozz","email":"mharveydg@imageshack.us","phone":"86-(523)696-9281","createdon":"2/2/2015"},
{"id":486,"name":"Roy Andrews","company":"Jabbercube","email":"randrewsdh@exblog.jp","phone":"86-(807)782-9990","createdon":"4/3/2015"},
{"id":487,"name":"Craig Morrison","company":"Tagpad","email":"cmorrisondi@1und1.de","phone":"46-(261)640-3994","createdon":"8/14/2015"},
{"id":488,"name":"Nancy Ellis","company":"Twimm","email":"nellisdj@berkeley.edu","phone":"86-(680)503-4065","createdon":"5/18/2015"},
{"id":489,"name":"Anne Grant","company":"Lazzy","email":"agrantdk@yale.edu","phone":"86-(367)894-1368","createdon":"6/2/2015"},
{"id":490,"name":"Roy Cox","company":"Roombo","email":"rcoxdl@drupal.org","phone":"48-(788)861-2533","createdon":"11/9/2015"},
{"id":491,"name":"Alice Henderson","company":"Skivee","email":"ahendersondm@indiegogo.com","phone":"86-(419)929-8615","createdon":"8/26/2015"},
{"id":492,"name":"Debra Sanders","company":"Fadeo","email":"dsandersdn@skype.com","phone":"1-(574)639-0462","createdon":"4/9/2015"},
{"id":493,"name":"Diana Murray","company":"Thoughtbridge","email":"dmurraydo@soup.io","phone":"53-(375)309-0358","createdon":"3/31/2015"},
{"id":494,"name":"Brandon Lawson","company":"DabZ","email":"blawsondp@rambler.ru","phone":"359-(697)182-1560","createdon":"3/16/2015"},
{"id":495,"name":"Howard Chavez","company":"Youspan","email":"hchavezdq@soundcloud.com","phone":"358-(818)921-6970","createdon":"7/17/2015"},
{"id":496,"name":"Debra Simmons","company":"Wikizz","email":"dsimmonsdr@storify.com","phone":"55-(653)257-9116","createdon":"11/8/2015"},
{"id":497,"name":"James Castillo","company":"Meembee","email":"jcastillods@patch.com","phone":"7-(855)795-5428","createdon":"1/29/2015"},
{"id":498,"name":"Jacqueline Gutierrez","company":"Trilia","email":"jgutierrezdt@engadget.com","phone":"7-(788)525-3313","createdon":"9/18/2015"},
{"id":499,"name":"Fred West","company":"Skinte","email":"fwestdu@irs.gov","phone":"86-(337)500-9460","createdon":"9/6/2015"},
{"id":500,"name":"Marilyn Young","company":"Youspan","email":"myoungdv@washington.edu","phone":"86-(716)625-7063","createdon":"4/9/2015"}]

}