{ "aaData": 
[{"id":1,"number":"76354-106","name":"Roger Howard","type":"logo design","email":"rhoward0@forbes.com","status":"Completed","date":"7/7/2015"},
{"id":2,"number":"49035-339","name":"Jessica Berry","type":"SEO and SEM","email":"jberry1@163.com","status":"Completed","date":"12/13/2014"},
{"id":3,"number":"63323-542","name":"Deborah Fernandez","type":"programming","email":"dfernandez2@guardian.co.uk","status":"New","date":"8/21/2015"},
{"id":4,"number":"68016-187","name":"Julie James","type":"programming","email":"jjames3@twitter.com","status":"Completed","date":"4/26/2015"},
{"id":5,"number":"21130-374","name":"Carol Burns","type":"graphic design","email":"cburns4@usgs.gov","status":"Completed","date":"5/21/2015"},
{"id":6,"number":"55714-4466","name":"Ann Thomas","type":"marketing","email":"athomas5@posterous.com","status":"New","date":"2/20/2015"},
{"id":7,"number":"0023-9232","name":"Martha Griffin","type":"social media marketing","email":"mgriffin6@feedburner.com","status":"New","date":"5/1/2015"},
{"id":8,"number":"51263-3126","name":"Louis Ford","type":"social media marketing","email":"lford7@stumbleupon.com","status":"Completed","date":"9/13/2015"},
{"id":9,"number":"61727-340","name":"Walter Gibson","type":"crm service","email":"wgibson8@earthlink.net","status":"Completed","date":"12/19/2014"},
{"id":10,"number":"35356-873","name":"Patricia Parker","type":"social media marketing","email":"pparker9@alexa.com","status":"New","date":"7/17/2015"},
{"id":11,"number":"49349-983","name":"Roy Fowler","type":"graphic design","email":"rfowlera@sina.com.cn","status":"Completed","date":"6/13/2015"},
{"id":12,"number":"48951-5065","name":"Joe Daniels","type":"programming","email":"jdanielsb@nyu.edu","status":"Completed","date":"4/4/2015"},
{"id":13,"number":"49288-0110","name":"Joseph Ford","type":"branding","email":"jfordc@naver.com","status":"Completed","date":"9/26/2015"},
{"id":14,"number":"0378-5522","name":"Jose Sullivan","type":"crm service","email":"jsullivand@timesonline.co.uk","status":"Completed","date":"10/27/2015"},
{"id":15,"number":"61727-302","name":"Evelyn Dixon","type":"php website","email":"edixone@jimdo.com","status":"New","date":"8/14/2015"},
{"id":16,"number":"36987-3057","name":"Harry Wells","type":"branding","email":"hwellsf@goo.gl","status":"Completed","date":"3/6/2015"},
{"id":17,"number":"59779-807","name":"Daniel Mccoy","type":"SEO and SEM","email":"dmccoyg@cornell.edu","status":"Completed","date":"11/21/2015"},
{"id":18,"number":"68645-474","name":"Diana Hunt","type":"wordpress website","email":"dhunth@mediafire.com","status":"New","date":"4/2/2015"},
{"id":19,"number":"0023-3416","name":"Justin Nguyen","type":"web design","email":"jnguyeni@4shared.com","status":"Completed","date":"1/21/2015"},
{"id":20,"number":"66715-9741","name":"Patrick Adams","type":"photoshop","email":"padamsj@diigo.com","status":"New","date":"4/10/2015"},
{"id":21,"number":"0363-0906","name":"Arthur Turner","type":"logo design","email":"aturnerk@dailymotion.com","status":"New","date":"8/13/2015"},
{"id":22,"number":"0781-2020","name":"Sarah Black","type":"graphic design","email":"sblackl@github.com","status":"Completed","date":"4/21/2015"},
{"id":23,"number":"18527-120","name":"Angela Shaw","type":"SEO and SEM","email":"ashawm@elpais.com","status":"New","date":"9/10/2015"},
{"id":24,"number":"41163-679","name":"Robin Castillo","type":"photoshop","email":"rcastillon@ftc.gov","status":"Completed","date":"6/8/2015"},
{"id":25,"number":"0555-0926","name":"Annie Hayes","type":"graphic design","email":"ahayeso@sina.com.cn","status":"Completed","date":"5/23/2015"},
{"id":26,"number":"67296-0544","name":"Rebecca Reed","type":"graphic design","email":"rreedp@seattletimes.com","status":"Completed","date":"3/8/2015"},
{"id":27,"number":"60681-0801","name":"Charles Henderson","type":"branding","email":"chendersonq@icio.us","status":"New","date":"12/31/2014"},
{"id":28,"number":"37000-556","name":"Larry Foster","type":"SEO and SEM","email":"lfosterr@zimbio.com","status":"New","date":"6/26/2015"},
{"id":29,"number":"67239-0203","name":"Brenda Ramos","type":"SEO and SEM","email":"bramoss@rambler.ru","status":"New","date":"6/8/2015"},
{"id":30,"number":"49349-988","name":"Walter Garrett","type":"php website","email":"wgarrettt@yahoo.com","status":"Completed","date":"12/30/2014"},
{"id":31,"number":"55154-3728","name":"Roy Fowler","type":"programming","email":"rfowleru@wordpress.com","status":"Completed","date":"1/23/2015"},
{"id":32,"number":"41163-911","name":"Julia Carr","type":"marketing","email":"jcarrv@icq.com","status":"Completed","date":"3/2/2015"},
{"id":33,"number":"59970-053","name":"Cheryl Williamson","type":"programming","email":"cwilliamsonw@bizjournals.com","status":"New","date":"12/25/2014"},
{"id":34,"number":"35000-716","name":"Teresa Daniels","type":"photoshop","email":"tdanielsx@twitpic.com","status":"New","date":"3/24/2015"},
{"id":35,"number":"51386-711","name":"Denise Thomas","type":"marketing","email":"dthomasy@behance.net","status":"New","date":"8/4/2015"},
{"id":36,"number":"68152-103","name":"Craig Mcdonald","type":"logo design","email":"cmcdonaldz@biblegateway.com","status":"New","date":"7/17/2015"},
{"id":37,"number":"60512-6473","name":"Norma Ross","type":"SEO and SEM","email":"nross10@fema.gov","status":"New","date":"5/28/2015"},
{"id":38,"number":"35356-662","name":"Pamela Crawford","type":"branding","email":"pcrawford11@sbwire.com","status":"Completed","date":"4/28/2015"},
{"id":39,"number":"61703-319","name":"Doris Hernandez","type":"php website","email":"dhernandez12@histats.com","status":"Completed","date":"8/22/2015"},
{"id":40,"number":"28691-0838","name":"Mary Reynolds","type":"graphic design","email":"mreynolds13@surveymonkey.com","status":"New","date":"8/24/2015"},
{"id":41,"number":"0206-2100","name":"Billy Young","type":"logo design","email":"byoung14@forbes.com","status":"New","date":"5/29/2015"},
{"id":42,"number":"86227-000","name":"Betty Burns","type":"marketing","email":"bburns15@tripod.com","status":"Completed","date":"10/16/2015"},
{"id":43,"number":"49999-059","name":"Lori West","type":"photoshop","email":"lwest16@typepad.com","status":"Completed","date":"3/12/2015"},
{"id":44,"number":"52544-238","name":"Norma King","type":"php website","email":"nking17@exblog.jp","status":"New","date":"10/20/2015"},
{"id":45,"number":"60429-372","name":"Harry Cooper","type":"SEO and SEM","email":"hcooper18@examiner.com","status":"Completed","date":"3/16/2015"},
{"id":46,"number":"63354-001","name":"Lori Stone","type":"web design","email":"lstone19@mapquest.com","status":"New","date":"7/1/2015"},
{"id":47,"number":"65217-0001","name":"Susan Dean","type":"branding","email":"sdean1a@multiply.com","status":"Completed","date":"7/19/2015"},
{"id":48,"number":"0143-9729","name":"Evelyn Garcia","type":"photoshop","email":"egarcia1b@blog.com","status":"Completed","date":"4/29/2015"},
{"id":49,"number":"62080-8002","name":"Julie Alvarez","type":"branding","email":"jalvarez1c@4shared.com","status":"Completed","date":"3/14/2015"},
{"id":50,"number":"11819-351","name":"Jeremy Bailey","type":"branding","email":"jbailey1d@artisteer.com","status":"New","date":"12/21/2014"},
{"id":51,"number":"50021-243","name":"Paul Bennett","type":"SEO and SEM","email":"pbennett1e@dyndns.org","status":"Completed","date":"5/18/2015"},
{"id":52,"number":"48102-101","name":"Laura Griffin","type":"marketing","email":"lgriffin1f@java.com","status":"New","date":"11/14/2015"},
{"id":53,"number":"51389-210","name":"Victor Romero","type":"branding","email":"vromero1g@last.fm","status":"New","date":"2/28/2015"},
{"id":54,"number":"61722-081","name":"Christina Turner","type":"SEO and SEM","email":"cturner1h@51.la","status":"Completed","date":"3/19/2015"},
{"id":55,"number":"64117-248","name":"Doris Freeman","type":"crm service","email":"dfreeman1i@skype.com","status":"Completed","date":"9/9/2015"},
{"id":56,"number":"41250-946","name":"Irene Lee","type":"photoshop","email":"ilee1j@jalbum.net","status":"Completed","date":"8/9/2015"},
{"id":57,"number":"0591-1117","name":"Gerald Powell","type":"crm service","email":"gpowell1k@printfriendly.com","status":"New","date":"6/23/2015"},
{"id":58,"number":"43772-0021","name":"Richard Alexander","type":"web design","email":"ralexander1l@epa.gov","status":"Completed","date":"8/22/2015"},
{"id":59,"number":"43269-796","name":"Victor Harris","type":"logo design","email":"vharris1m@last.fm","status":"Completed","date":"3/9/2015"},
{"id":60,"number":"63736-203","name":"Cynthia Burke","type":"web design","email":"cburke1n@hc360.com","status":"New","date":"4/29/2015"},
{"id":61,"number":"66336-059","name":"Daniel Williams","type":"web design","email":"dwilliams1o@edublogs.org","status":"Completed","date":"8/22/2015"},
{"id":62,"number":"63779-056","name":"Kimberly Peters","type":"graphic design","email":"kpeters1p@usda.gov","status":"Completed","date":"1/9/2015"},
{"id":63,"number":"68788-9078","name":"Nicholas Garza","type":"photoshop","email":"ngarza1q@princeton.edu","status":"New","date":"2/20/2015"},
{"id":64,"number":"0409-1255","name":"George Campbell","type":"logo design","email":"gcampbell1r@delicious.com","status":"Completed","date":"12/4/2014"},
{"id":65,"number":"25021-827","name":"Lisa Mitchell","type":"graphic design","email":"lmitchell1s@google.com.au","status":"Completed","date":"12/30/2014"},
{"id":66,"number":"32909-121","name":"Carolyn Robertson","type":"logo design","email":"crobertson1t@csmonitor.com","status":"New","date":"7/1/2015"},
{"id":67,"number":"58232-0748","name":"Thomas Diaz","type":"marketing","email":"tdiaz1u@psu.edu","status":"New","date":"8/23/2015"},
{"id":68,"number":"0169-7704","name":"Harry Barnes","type":"photoshop","email":"hbarnes1v@amazon.com","status":"Completed","date":"11/25/2015"},
{"id":69,"number":"11822-0250","name":"Kathleen Walker","type":"photoshop","email":"kwalker1w@slideshare.net","status":"Completed","date":"8/4/2015"},
{"id":70,"number":"51660-143","name":"Carlos Grant","type":"web design","email":"cgrant1x@yolasite.com","status":"New","date":"3/5/2015"},
{"id":71,"number":"13537-274","name":"Mildred Flores","type":"php website","email":"mflores1y@squarespace.com","status":"New","date":"1/23/2015"},
{"id":72,"number":"68084-072","name":"Donald Garza","type":"web design","email":"dgarza1z@vkontakte.ru","status":"Completed","date":"1/25/2015"},
{"id":73,"number":"13537-190","name":"Teresa Shaw","type":"logo design","email":"tshaw20@cbslocal.com","status":"Completed","date":"9/5/2015"},
{"id":74,"number":"35356-546","name":"Eugene Watson","type":"logo design","email":"ewatson21@alexa.com","status":"Completed","date":"5/26/2015"},
{"id":75,"number":"68382-796","name":"Timothy Knight","type":"photoshop","email":"tknight22@skype.com","status":"Completed","date":"3/31/2015"},
{"id":76,"number":"55154-2395","name":"Willie Ray","type":"marketing","email":"wray23@creativecommons.org","status":"Completed","date":"2/2/2015"},
{"id":77,"number":"54575-114","name":"Kathryn Armstrong","type":"graphic design","email":"karmstrong24@soundcloud.com","status":"Completed","date":"4/14/2015"},
{"id":78,"number":"64616-039","name":"Debra Andrews","type":"branding","email":"dandrews25@gnu.org","status":"New","date":"6/3/2015"},
{"id":79,"number":"42549-693","name":"Julie Hall","type":"web design","email":"jhall26@dell.com","status":"Completed","date":"11/16/2015"},
{"id":80,"number":"58503-009","name":"Aaron Stone","type":"graphic design","email":"astone27@clickbank.net","status":"Completed","date":"11/24/2015"},
{"id":81,"number":"43269-850","name":"Christopher Hernandez","type":"SEO and SEM","email":"chernandez28@photobucket.com","status":"Completed","date":"8/30/2015"},
{"id":82,"number":"52609-0006","name":"Craig Robertson","type":"social media marketing","email":"crobertson29@elpais.com","status":"Completed","date":"2/23/2015"},
{"id":83,"number":"41520-916","name":"Jessica Roberts","type":"wordpress website","email":"jroberts2a@godaddy.com","status":"New","date":"8/21/2015"},
{"id":84,"number":"0187-1613","name":"Maria Wallace","type":"branding","email":"mwallace2b@rediff.com","status":"Completed","date":"1/18/2015"},
{"id":85,"number":"59387-001","name":"Helen Miller","type":"php website","email":"hmiller2c@weibo.com","status":"Completed","date":"2/23/2015"},
{"id":86,"number":"63323-377","name":"Carlos Warren","type":"SEO and SEM","email":"cwarren2d@howstuffworks.com","status":"Completed","date":"1/17/2015"},
{"id":87,"number":"10812-337","name":"Kathleen Evans","type":"web design","email":"kevans2e@msu.edu","status":"New","date":"6/23/2015"},
{"id":88,"number":"0591-2790","name":"Brian Howell","type":"crm service","email":"bhowell2f@smugmug.com","status":"New","date":"7/6/2015"},
{"id":89,"number":"0409-7118","name":"Mary Boyd","type":"programming","email":"mboyd2g@admin.ch","status":"Completed","date":"3/31/2015"},
{"id":90,"number":"0378-0018","name":"Kevin Powell","type":"SEO and SEM","email":"kpowell2h@about.com","status":"Completed","date":"4/8/2015"},
{"id":91,"number":"36987-2475","name":"Diane Ramos","type":"photoshop","email":"dramos2i@nba.com","status":"Completed","date":"7/20/2015"},
{"id":92,"number":"67510-0005","name":"Cheryl Lopez","type":"graphic design","email":"clopez2j@google.com.hk","status":"New","date":"11/11/2015"},
{"id":93,"number":"23155-030","name":"Todd Hernandez","type":"logo design","email":"thernandez2k@gizmodo.com","status":"New","date":"11/17/2015"},
{"id":94,"number":"28595-905","name":"Kathy Brooks","type":"php website","email":"kbrooks2l@walmart.com","status":"Completed","date":"2/25/2015"},
{"id":95,"number":"0574-4022","name":"Maria Hansen","type":"branding","email":"mhansen2m@mediafire.com","status":"Completed","date":"3/1/2015"},
{"id":96,"number":"42002-423","name":"Ruth Fields","type":"marketing","email":"rfields2n@blogtalkradio.com","status":"New","date":"5/14/2015"},
{"id":97,"number":"43074-108","name":"Sarah Torres","type":"SEO and SEM","email":"storres2o@vimeo.com","status":"New","date":"7/19/2015"},
{"id":98,"number":"62037-696","name":"George Mendoza","type":"graphic design","email":"gmendoza2p@t-online.de","status":"Completed","date":"1/30/2015"},
{"id":99,"number":"23155-006","name":"Carl Fuller","type":"programming","email":"cfuller2q@fda.gov","status":"Completed","date":"2/22/2015"},
{"id":100,"number":"59667-0034","name":"Adam Ruiz","type":"marketing","email":"aruiz2r@tinyurl.com","status":"Completed","date":"5/4/2015"},
{"id":101,"number":"22700-138","name":"Alan Murphy","type":"social media marketing","email":"amurphy2s@google.nl","status":"Completed","date":"5/24/2015"},
{"id":102,"number":"52125-749","name":"Robert Hawkins","type":"crm service","email":"rhawkins2t@t-online.de","status":"New","date":"1/1/2015"},
{"id":103,"number":"54868-3004","name":"Susan Gonzales","type":"branding","email":"sgonzales2u@netlog.com","status":"New","date":"7/26/2015"},
{"id":104,"number":"30142-913","name":"Juan Patterson","type":"photoshop","email":"jpatterson2v@squarespace.com","status":"New","date":"1/21/2015"},
{"id":105,"number":"57664-124","name":"Harold Murray","type":"branding","email":"hmurray2w@feedburner.com","status":"Completed","date":"1/14/2015"},
{"id":106,"number":"68437-011","name":"Pamela Richards","type":"logo design","email":"prichards2x@kickstarter.com","status":"Completed","date":"12/26/2014"},
{"id":107,"number":"53510-000","name":"Beverly Alexander","type":"crm service","email":"balexander2y@nps.gov","status":"New","date":"5/21/2015"},
{"id":108,"number":"54868-4803","name":"Kenneth Hansen","type":"logo design","email":"khansen2z@slideshare.net","status":"New","date":"9/18/2015"},
{"id":109,"number":"36987-1067","name":"Sara Anderson","type":"crm service","email":"sanderson30@samsung.com","status":"Completed","date":"7/9/2015"},
{"id":110,"number":"54868-0117","name":"Russell Cox","type":"web design","email":"rcox31@house.gov","status":"New","date":"6/14/2015"},
{"id":111,"number":"0268-1396","name":"Cynthia Cox","type":"SEO and SEM","email":"ccox32@bloomberg.com","status":"Completed","date":"5/18/2015"},
{"id":112,"number":"75848-0300","name":"Jacqueline Stone","type":"photoshop","email":"jstone33@joomla.org","status":"Completed","date":"5/20/2015"},
{"id":113,"number":"43742-0236","name":"Jonathan Bishop","type":"php website","email":"jbishop34@earthlink.net","status":"New","date":"7/5/2015"},
{"id":114,"number":"54569-3121","name":"Margaret Walker","type":"crm service","email":"mwalker35@shareasale.com","status":"New","date":"10/9/2015"},
{"id":115,"number":"0591-2880","name":"Louis Reed","type":"marketing","email":"lreed36@bbc.co.uk","status":"Completed","date":"7/19/2015"},
{"id":116,"number":"16714-071","name":"Andrea Matthews","type":"web design","email":"amatthews37@imageshack.us","status":"New","date":"11/22/2015"},
{"id":117,"number":"36987-1773","name":"Steve Weaver","type":"social media marketing","email":"sweaver38@symantec.com","status":"Completed","date":"1/22/2015"},
{"id":118,"number":"16837-855","name":"Carlos Mason","type":"SEO and SEM","email":"cmason39@home.pl","status":"New","date":"1/22/2015"},
{"id":119,"number":"54868-4928","name":"Justin Reyes","type":"crm service","email":"jreyes3a@ca.gov","status":"Completed","date":"9/20/2015"},
{"id":120,"number":"0615-7690","name":"Janice Cole","type":"marketing","email":"jcole3b@hp.com","status":"New","date":"4/21/2015"},
{"id":121,"number":"68788-9522","name":"Michelle Myers","type":"php website","email":"mmyers3c@army.mil","status":"New","date":"8/3/2015"},
{"id":122,"number":"43598-319","name":"Terry Bowman","type":"branding","email":"tbowman3d@4shared.com","status":"Completed","date":"2/24/2015"},
{"id":123,"number":"68472-160","name":"Peter Gray","type":"crm service","email":"pgray3e@lycos.com","status":"Completed","date":"9/28/2015"},
{"id":124,"number":"59779-426","name":"Ronald Ford","type":"marketing","email":"rford3f@tripod.com","status":"Completed","date":"3/26/2015"},
{"id":125,"number":"62007-001","name":"Stephen Payne","type":"wordpress website","email":"spayne3g@un.org","status":"New","date":"11/2/2015"},
{"id":126,"number":"36987-3449","name":"Albert Welch","type":"graphic design","email":"awelch3h@nytimes.com","status":"Completed","date":"9/9/2015"},
{"id":127,"number":"63256-100","name":"Edward Reynolds","type":"web design","email":"ereynolds3i@woothemes.com","status":"Completed","date":"5/12/2015"},
{"id":128,"number":"53045-107","name":"Michael Robinson","type":"crm service","email":"mrobinson3j@sitemeter.com","status":"Completed","date":"4/19/2015"},
{"id":129,"number":"36987-1106","name":"Jennifer Reyes","type":"branding","email":"jreyes3k@example.com","status":"New","date":"6/28/2015"},
{"id":130,"number":"69129-010","name":"Christina Hart","type":"logo design","email":"chart3l@tuttocitta.it","status":"Completed","date":"1/20/2015"},
{"id":131,"number":"16590-211","name":"Norma Lawson","type":"graphic design","email":"nlawson3m@twitter.com","status":"New","date":"2/6/2015"},
{"id":132,"number":"41616-759","name":"Aaron Gardner","type":"programming","email":"agardner3n@senate.gov","status":"New","date":"10/12/2015"},
{"id":133,"number":"43376-240","name":"Jason Young","type":"social media marketing","email":"jyoung3o@state.gov","status":"Completed","date":"3/26/2015"},
{"id":134,"number":"63874-413","name":"Mark Turner","type":"crm service","email":"mturner3p@over-blog.com","status":"New","date":"8/7/2015"},
{"id":135,"number":"54868-2440","name":"Carolyn Chapman","type":"social media marketing","email":"cchapman3q@huffingtonpost.com","status":"Completed","date":"5/21/2015"},
{"id":136,"number":"43772-0042","name":"Dennis Matthews","type":"web design","email":"dmatthews3r@goo.ne.jp","status":"Completed","date":"5/31/2015"},
{"id":137,"number":"0268-1418","name":"Victor Cook","type":"social media marketing","email":"vcook3s@upenn.edu","status":"Completed","date":"7/16/2015"},
{"id":138,"number":"64117-577","name":"Lisa Coleman","type":"programming","email":"lcoleman3t@ox.ac.uk","status":"Completed","date":"7/18/2015"},
{"id":139,"number":"53329-875","name":"Judith Stone","type":"social media marketing","email":"jstone3u@ning.com","status":"New","date":"11/18/2015"},
{"id":140,"number":"0781-1496","name":"Louis Montgomery","type":"logo design","email":"lmontgomery3v@zdnet.com","status":"Completed","date":"2/2/2015"},
{"id":141,"number":"55758-003","name":"Bruce Stewart","type":"wordpress website","email":"bstewart3w@google.com.au","status":"New","date":"7/29/2015"},
{"id":142,"number":"10812-101","name":"Judy Hansen","type":"social media marketing","email":"jhansen3x@ucla.edu","status":"New","date":"12/5/2014"},
{"id":143,"number":"52685-354","name":"Diana Kelley","type":"branding","email":"dkelley3y@de.vu","status":"New","date":"2/21/2015"},
{"id":144,"number":"58118-1638","name":"Christine Mccoy","type":"social media marketing","email":"cmccoy3z@paginegialle.it","status":"New","date":"7/25/2015"},
{"id":145,"number":"36987-2181","name":"Annie Jones","type":"marketing","email":"ajones40@example.com","status":"New","date":"3/5/2015"},
{"id":146,"number":"0603-3842","name":"Douglas Carr","type":"SEO and SEM","email":"dcarr41@feedburner.com","status":"Completed","date":"7/11/2015"},
{"id":147,"number":"59535-8601","name":"James Murray","type":"php website","email":"jmurray42@ucsd.edu","status":"New","date":"10/21/2015"},
{"id":148,"number":"36987-2084","name":"Debra Richardson","type":"photoshop","email":"drichardson43@berkeley.edu","status":"Completed","date":"7/12/2015"},
{"id":149,"number":"51285-446","name":"Shirley Ferguson","type":"web design","email":"sferguson44@reuters.com","status":"Completed","date":"3/14/2015"},
{"id":150,"number":"55758-007","name":"Jean Wells","type":"wordpress website","email":"jwells45@squidoo.com","status":"Completed","date":"10/13/2015"},
{"id":151,"number":"24385-316","name":"Stephen Morrison","type":"branding","email":"smorrison46@webs.com","status":"New","date":"12/25/2014"},
{"id":152,"number":"49738-551","name":"Fred Ford","type":"web design","email":"fford47@mapy.cz","status":"New","date":"9/24/2015"},
{"id":153,"number":"63187-006","name":"Diane Andrews","type":"logo design","email":"dandrews48@buzzfeed.com","status":"New","date":"5/3/2015"},
{"id":154,"number":"0591-2464","name":"Michelle Stephens","type":"graphic design","email":"mstephens49@bloomberg.com","status":"Completed","date":"8/22/2015"},
{"id":155,"number":"76250-123","name":"Justin Thompson","type":"SEO and SEM","email":"jthompson4a@cisco.com","status":"New","date":"7/28/2015"},
{"id":156,"number":"0603-4383","name":"Paul Shaw","type":"photoshop","email":"pshaw4b@bloglines.com","status":"Completed","date":"1/1/2015"},
{"id":157,"number":"60681-1802","name":"Juan Rodriguez","type":"logo design","email":"jrodriguez4c@facebook.com","status":"New","date":"8/5/2015"},
{"id":158,"number":"51672-2062","name":"Lori Davis","type":"social media marketing","email":"ldavis4d@nbcnews.com","status":"New","date":"4/27/2015"},
{"id":159,"number":"37205-861","name":"John Peters","type":"SEO and SEM","email":"jpeters4e@theatlantic.com","status":"Completed","date":"2/20/2015"},
{"id":160,"number":"63629-1676","name":"Emily Rodriguez","type":"php website","email":"erodriguez4f@symantec.com","status":"Completed","date":"1/19/2015"},
{"id":161,"number":"55289-881","name":"Alice Peters","type":"wordpress website","email":"apeters4g@epa.gov","status":"New","date":"11/3/2015"},
{"id":162,"number":"0268-1056","name":"Brenda Reed","type":"photoshop","email":"breed4h@prweb.com","status":"New","date":"8/22/2015"},
{"id":163,"number":"68472-028","name":"Helen Ellis","type":"web design","email":"hellis4i@addtoany.com","status":"New","date":"9/8/2015"},
{"id":164,"number":"63629-1346","name":"Richard Harvey","type":"logo design","email":"rharvey4j@cloudflare.com","status":"Completed","date":"4/2/2015"},
{"id":165,"number":"60512-0018","name":"Joyce Thomas","type":"branding","email":"jthomas4k@dropbox.com","status":"New","date":"11/28/2015"},
{"id":166,"number":"0409-4203","name":"Nancy Jackson","type":"marketing","email":"njackson4l@soup.io","status":"New","date":"8/8/2015"},
{"id":167,"number":"43353-769","name":"Randy Romero","type":"wordpress website","email":"rromero4m@senate.gov","status":"New","date":"11/23/2015"},
{"id":168,"number":"54575-230","name":"Stephanie Richards","type":"social media marketing","email":"srichards4n@google.ru","status":"New","date":"5/6/2015"},
{"id":169,"number":"50387-300","name":"Brian Sullivan","type":"social media marketing","email":"bsullivan4o@zimbio.com","status":"Completed","date":"4/4/2015"},
{"id":170,"number":"50845-0125","name":"Betty Mcdonald","type":"crm service","email":"bmcdonald4p@sohu.com","status":"New","date":"3/16/2015"},
{"id":171,"number":"62932-145","name":"Jesse Evans","type":"crm service","email":"jevans4q@friendfeed.com","status":"New","date":"2/11/2015"},
{"id":172,"number":"10967-100","name":"Lawrence Cox","type":"php website","email":"lcox4r@twitter.com","status":"New","date":"3/18/2015"},
{"id":173,"number":"47682-302","name":"Sean Hansen","type":"crm service","email":"shansen4s@istockphoto.com","status":"Completed","date":"11/28/2015"},
{"id":174,"number":"0268-6694","name":"Douglas Sanchez","type":"web design","email":"dsanchez4t@army.mil","status":"Completed","date":"8/17/2015"},
{"id":175,"number":"55648-715","name":"Louis Peters","type":"SEO and SEM","email":"lpeters4u@cmu.edu","status":"New","date":"8/13/2015"},
{"id":176,"number":"0268-0202","name":"Charles Kelly","type":"branding","email":"ckelly4v@cdbaby.com","status":"Completed","date":"12/4/2014"},
{"id":177,"number":"67760-001","name":"John Foster","type":"logo design","email":"jfoster4w@foxnews.com","status":"New","date":"7/1/2015"},
{"id":178,"number":"49035-190","name":"Kimberly Elliott","type":"photoshop","email":"kelliott4x@joomla.org","status":"New","date":"1/26/2015"},
{"id":179,"number":"49230-209","name":"Fred Bennett","type":"crm service","email":"fbennett4y@wiley.com","status":"Completed","date":"5/9/2015"},
{"id":180,"number":"0006-0117","name":"Emily Webb","type":"logo design","email":"ewebb4z@jimdo.com","status":"New","date":"6/2/2015"},
{"id":181,"number":"14783-013","name":"Peter Medina","type":"crm service","email":"pmedina50@wikispaces.com","status":"New","date":"9/10/2015"},
{"id":182,"number":"68462-302","name":"Harry Spencer","type":"branding","email":"hspencer51@mozilla.com","status":"New","date":"7/5/2015"},
{"id":183,"number":"50346-002","name":"Mary Holmes","type":"logo design","email":"mholmes52@prweb.com","status":"Completed","date":"6/6/2015"},
{"id":184,"number":"49349-349","name":"Michelle Fernandez","type":"SEO and SEM","email":"mfernandez53@fda.gov","status":"Completed","date":"6/14/2015"},
{"id":185,"number":"51672-1259","name":"Carl Berry","type":"wordpress website","email":"cberry54@meetup.com","status":"New","date":"3/26/2015"},
{"id":186,"number":"68572-4004","name":"Nicole Fisher","type":"web design","email":"nfisher55@cnet.com","status":"New","date":"7/9/2015"},
{"id":187,"number":"0145-0020","name":"Jerry Tucker","type":"social media marketing","email":"jtucker56@time.com","status":"New","date":"7/31/2015"},
{"id":188,"number":"21695-154","name":"Kevin Graham","type":"photoshop","email":"kgraham57@state.tx.us","status":"Completed","date":"10/26/2015"},
{"id":189,"number":"54868-6238","name":"Albert Perkins","type":"php website","email":"aperkins58@surveymonkey.com","status":"New","date":"10/24/2015"},
{"id":190,"number":"52125-750","name":"Susan Morris","type":"programming","email":"smorris59@sitemeter.com","status":"Completed","date":"2/7/2015"},
{"id":191,"number":"41163-190","name":"Randy Alexander","type":"SEO and SEM","email":"ralexander5a@google.com.br","status":"New","date":"6/21/2015"},
{"id":192,"number":"61957-1203","name":"Teresa Sullivan","type":"branding","email":"tsullivan5b@oracle.com","status":"New","date":"2/14/2015"},
{"id":193,"number":"49349-847","name":"Catherine Kelly","type":"php website","email":"ckelly5c@bloomberg.com","status":"New","date":"9/9/2015"},
{"id":194,"number":"10565-013","name":"Donald Castillo","type":"social media marketing","email":"dcastillo5d@weather.com","status":"Completed","date":"11/10/2015"},
{"id":195,"number":"43063-267","name":"Joyce Reid","type":"php website","email":"jreid5e@cocolog-nifty.com","status":"New","date":"6/13/2015"},
{"id":196,"number":"51079-519","name":"Ralph Howard","type":"marketing","email":"rhoward5f@printfriendly.com","status":"Completed","date":"7/20/2015"},
{"id":197,"number":"10096-0318","name":"Diane Woods","type":"SEO and SEM","email":"dwoods5g@howstuffworks.com","status":"New","date":"7/1/2015"},
{"id":198,"number":"59779-129","name":"Steven Alexander","type":"php website","email":"salexander5h@buzzfeed.com","status":"New","date":"10/21/2015"},
{"id":199,"number":"0078-0510","name":"Timothy Shaw","type":"wordpress website","email":"tshaw5i@amazon.com","status":"Completed","date":"10/16/2015"},
{"id":200,"number":"46287-006","name":"Susan Perez","type":"web design","email":"sperez5j@prweb.com","status":"New","date":"6/23/2015"},
{"id":201,"number":"55312-075","name":"Pamela Cook","type":"marketing","email":"pcook5k@biblegateway.com","status":"Completed","date":"8/14/2015"},
{"id":202,"number":"57915-003","name":"Michelle Fisher","type":"crm service","email":"mfisher5l@hexun.com","status":"Completed","date":"6/5/2015"},
{"id":203,"number":"63187-096","name":"Jacqueline Wood","type":"marketing","email":"jwood5m@sciencedaily.com","status":"Completed","date":"4/12/2015"},
{"id":204,"number":"68229-300","name":"Bobby Castillo","type":"wordpress website","email":"bcastillo5n@addtoany.com","status":"Completed","date":"6/1/2015"},
{"id":205,"number":"51785-514","name":"Gary Snyder","type":"programming","email":"gsnyder5o@istockphoto.com","status":"Completed","date":"5/26/2015"},
{"id":206,"number":"36987-3145","name":"Eugene Burton","type":"photoshop","email":"eburton5p@tripod.com","status":"New","date":"11/7/2015"},
{"id":207,"number":"49288-0795","name":"Gary Campbell","type":"graphic design","email":"gcampbell5q@vistaprint.com","status":"Completed","date":"12/9/2014"},
{"id":208,"number":"55111-154","name":"Roger Harper","type":"branding","email":"rharper5r@timesonline.co.uk","status":"Completed","date":"12/22/2014"},
{"id":209,"number":"37808-259","name":"Arthur Stone","type":"social media marketing","email":"astone5s@printfriendly.com","status":"Completed","date":"4/3/2015"},
{"id":210,"number":"11822-0503","name":"Rebecca West","type":"web design","email":"rwest5t@nih.gov","status":"New","date":"12/24/2014"},
{"id":211,"number":"68405-110","name":"James Fernandez","type":"crm service","email":"jfernandez5u@independent.co.uk","status":"Completed","date":"4/27/2015"},
{"id":212,"number":"41250-572","name":"Craig Young","type":"graphic design","email":"cyoung5v@symantec.com","status":"Completed","date":"5/26/2015"},
{"id":213,"number":"10424-154","name":"Elizabeth Jones","type":"photoshop","email":"ejones5w@acquirethisname.com","status":"New","date":"11/11/2015"},
{"id":214,"number":"17518-026","name":"Amanda Harper","type":"php website","email":"aharper5x@sbwire.com","status":"Completed","date":"3/16/2015"},
{"id":215,"number":"12830-816","name":"Stephen Willis","type":"logo design","email":"swillis5y@blogspot.com","status":"New","date":"4/22/2015"},
{"id":216,"number":"0054-0176","name":"Diane Cook","type":"photoshop","email":"dcook5z@ucsd.edu","status":"New","date":"3/26/2015"},
{"id":217,"number":"48951-9085","name":"Matthew Moreno","type":"marketing","email":"mmoreno60@washingtonpost.com","status":"New","date":"4/28/2015"},
{"id":218,"number":"43063-537","name":"Billy Ross","type":"programming","email":"bross61@wsj.com","status":"Completed","date":"7/15/2015"},
{"id":219,"number":"10544-278","name":"Stephen Oliver","type":"logo design","email":"soliver62@rambler.ru","status":"Completed","date":"4/8/2015"},
{"id":220,"number":"0168-0016","name":"Mary Hudson","type":"wordpress website","email":"mhudson63@alibaba.com","status":"Completed","date":"7/5/2015"},
{"id":221,"number":"0548-9090","name":"Carlos Washington","type":"graphic design","email":"cwashington64@google.cn","status":"Completed","date":"10/19/2015"},
{"id":222,"number":"0527-1462","name":"Carol Rivera","type":"crm service","email":"crivera65@patch.com","status":"New","date":"11/22/2015"},
{"id":223,"number":"50322-003","name":"Lori Martin","type":"logo design","email":"lmartin66@about.com","status":"New","date":"7/14/2015"},
{"id":224,"number":"68084-150","name":"Ernest Rogers","type":"logo design","email":"erogers67@opensource.org","status":"New","date":"9/30/2015"},
{"id":225,"number":"21130-063","name":"Lillian Gonzalez","type":"SEO and SEM","email":"lgonzalez68@yahoo.com","status":"New","date":"1/16/2015"},
{"id":226,"number":"49230-206","name":"Nicole Hanson","type":"graphic design","email":"nhanson69@gravatar.com","status":"Completed","date":"5/18/2015"},
{"id":227,"number":"10565-040","name":"Jean Graham","type":"photoshop","email":"jgraham6a@mediafire.com","status":"New","date":"4/11/2015"},
{"id":228,"number":"52125-434","name":"Christine Martin","type":"logo design","email":"cmartin6b@ftc.gov","status":"Completed","date":"7/19/2015"},
{"id":229,"number":"36800-258","name":"Tammy Fields","type":"photoshop","email":"tfields6c@boston.com","status":"Completed","date":"8/16/2015"},
{"id":230,"number":"36987-1986","name":"Phillip Mendoza","type":"graphic design","email":"pmendoza6d@paginegialle.it","status":"New","date":"4/6/2015"},
{"id":231,"number":"66116-527","name":"Annie Sanders","type":"graphic design","email":"asanders6e@sciencedirect.com","status":"Completed","date":"10/29/2015"},
{"id":232,"number":"67046-024","name":"Mildred Jordan","type":"web design","email":"mjordan6f@photobucket.com","status":"New","date":"4/4/2015"},
{"id":233,"number":"42068-002","name":"Louis Henderson","type":"graphic design","email":"lhenderson6g@uiuc.edu","status":"New","date":"4/6/2015"},
{"id":234,"number":"30142-422","name":"Christopher Gomez","type":"branding","email":"cgomez6h@google.ca","status":"Completed","date":"12/19/2014"},
{"id":235,"number":"64725-2164","name":"Brenda Simmons","type":"php website","email":"bsimmons6i@merriam-webster.com","status":"New","date":"1/27/2015"},
{"id":236,"number":"0904-5847","name":"Evelyn Reid","type":"SEO and SEM","email":"ereid6j@google.co.uk","status":"Completed","date":"2/15/2015"},
{"id":237,"number":"68382-078","name":"Keith Russell","type":"crm service","email":"krussell6k@upenn.edu","status":"New","date":"3/4/2015"},
{"id":238,"number":"53808-0689","name":"Richard Harvey","type":"marketing","email":"rharvey6l@webs.com","status":"New","date":"12/27/2014"},
{"id":239,"number":"53942-318","name":"Ann Kim","type":"crm service","email":"akim6m@go.com","status":"New","date":"1/11/2015"},
{"id":240,"number":"55312-187","name":"Janet Vasquez","type":"programming","email":"jvasquez6n@slideshare.net","status":"New","date":"2/1/2015"},
{"id":241,"number":"61919-009","name":"Cynthia Foster","type":"logo design","email":"cfoster6o@sfgate.com","status":"Completed","date":"5/23/2015"},
{"id":242,"number":"57344-091","name":"Barbara Johnson","type":"wordpress website","email":"bjohnson6p@amazonaws.com","status":"Completed","date":"2/23/2015"},
{"id":243,"number":"50436-6810","name":"Evelyn Dean","type":"php website","email":"edean6q@techcrunch.com","status":"Completed","date":"1/19/2015"},
{"id":244,"number":"67684-1901","name":"Cheryl Diaz","type":"programming","email":"cdiaz6r@blogtalkradio.com","status":"Completed","date":"7/2/2015"},
{"id":245,"number":"41167-0032","name":"Christopher Scott","type":"social media marketing","email":"cscott6s@si.edu","status":"New","date":"5/23/2015"},
{"id":246,"number":"10578-013","name":"Anthony Mills","type":"wordpress website","email":"amills6t@washingtonpost.com","status":"Completed","date":"1/31/2015"},
{"id":247,"number":"55714-4613","name":"Andrea Lane","type":"SEO and SEM","email":"alane6u@ow.ly","status":"Completed","date":"5/10/2015"},
{"id":248,"number":"43857-0294","name":"Carolyn Austin","type":"logo design","email":"caustin6v@slideshare.net","status":"Completed","date":"11/23/2015"},
{"id":249,"number":"0264-2302","name":"Terry Peters","type":"programming","email":"tpeters6w@latimes.com","status":"New","date":"12/20/2014"},
{"id":250,"number":"62699-1123","name":"Sara Willis","type":"SEO and SEM","email":"swillis6x@instagram.com","status":"Completed","date":"6/13/2015"},
{"id":251,"number":"0496-0732","name":"Barbara Price","type":"php website","email":"bprice6y@vimeo.com","status":"Completed","date":"12/27/2014"},
{"id":252,"number":"54569-5813","name":"Kathy Hunt","type":"php website","email":"khunt6z@wired.com","status":"Completed","date":"5/10/2015"},
{"id":253,"number":"59148-003","name":"Catherine Flores","type":"logo design","email":"cflores70@blogger.com","status":"Completed","date":"5/19/2015"},
{"id":254,"number":"67691-101","name":"Virginia Flores","type":"marketing","email":"vflores71@taobao.com","status":"Completed","date":"10/28/2015"},
{"id":255,"number":"49260-716","name":"Adam Roberts","type":"social media marketing","email":"aroberts72@cloudflare.com","status":"Completed","date":"10/2/2015"},
{"id":256,"number":"34645-2608","name":"Debra Warren","type":"marketing","email":"dwarren73@msn.com","status":"Completed","date":"10/31/2015"},
{"id":257,"number":"64205-536","name":"Craig Martinez","type":"php website","email":"cmartinez74@kickstarter.com","status":"New","date":"12/18/2014"},
{"id":258,"number":"0074-3333","name":"Jennifer Fox","type":"social media marketing","email":"jfox75@macromedia.com","status":"Completed","date":"9/28/2015"},
{"id":259,"number":"55154-3026","name":"Nancy Howell","type":"php website","email":"nhowell76@paypal.com","status":"New","date":"9/13/2015"},
{"id":260,"number":"60505-2546","name":"Kelly Washington","type":"photoshop","email":"kwashington77@nba.com","status":"New","date":"12/5/2014"},
{"id":261,"number":"42254-029","name":"Lawrence Burns","type":"branding","email":"lburns78@umn.edu","status":"Completed","date":"10/6/2015"},
{"id":262,"number":"17856-0668","name":"Donald Ryan","type":"logo design","email":"dryan79@yahoo.com","status":"Completed","date":"7/19/2015"},
{"id":263,"number":"60512-8020","name":"Diane Parker","type":"graphic design","email":"dparker7a@nba.com","status":"Completed","date":"9/19/2015"},
{"id":264,"number":"57237-066","name":"William Thompson","type":"photoshop","email":"wthompson7b@state.tx.us","status":"Completed","date":"12/2/2014"},
{"id":265,"number":"58466-016","name":"Amy Stewart","type":"crm service","email":"astewart7c@indiatimes.com","status":"Completed","date":"7/13/2015"},
{"id":266,"number":"0310-7820","name":"Kathryn Martin","type":"marketing","email":"kmartin7d@ocn.ne.jp","status":"Completed","date":"9/4/2015"},
{"id":267,"number":"50563-137","name":"Patrick Fields","type":"marketing","email":"pfields7e@webnode.com","status":"New","date":"4/26/2015"},
{"id":268,"number":"65483-894","name":"Jessica Hunt","type":"php website","email":"jhunt7f@unesco.org","status":"New","date":"4/4/2015"},
{"id":269,"number":"17478-762","name":"Carol Sanchez","type":"crm service","email":"csanchez7g@de.vu","status":"Completed","date":"8/31/2015"},
{"id":270,"number":"64117-183","name":"Carolyn Franklin","type":"web design","email":"cfranklin7h@washingtonpost.com","status":"Completed","date":"12/8/2014"},
{"id":271,"number":"0536-1962","name":"Steven Ross","type":"web design","email":"sross7i@naver.com","status":"Completed","date":"9/25/2015"},
{"id":272,"number":"0641-6021","name":"Elizabeth Jordan","type":"wordpress website","email":"ejordan7j@goo.gl","status":"New","date":"10/29/2015"},
{"id":273,"number":"68016-381","name":"Ryan Jones","type":"graphic design","email":"rjones7k@abc.net.au","status":"New","date":"7/29/2015"},
{"id":274,"number":"64725-0772","name":"Justin Gordon","type":"wordpress website","email":"jgordon7l@reddit.com","status":"Completed","date":"1/14/2015"},
{"id":275,"number":"0135-0145","name":"Susan George","type":"programming","email":"sgeorge7m@theglobeandmail.com","status":"New","date":"6/30/2015"},
{"id":276,"number":"43378-106","name":"Adam Perkins","type":"graphic design","email":"aperkins7n@google.de","status":"Completed","date":"5/12/2015"},
{"id":277,"number":"54868-3765","name":"Russell Taylor","type":"graphic design","email":"rtaylor7o@taobao.com","status":"New","date":"9/12/2015"},
{"id":278,"number":"55154-3185","name":"Pamela Grant","type":"logo design","email":"pgrant7p@accuweather.com","status":"New","date":"5/11/2015"},
{"id":279,"number":"62011-0152","name":"Michael Mendoza","type":"branding","email":"mmendoza7q@baidu.com","status":"Completed","date":"1/8/2015"},
{"id":280,"number":"36987-2008","name":"Fred James","type":"SEO and SEM","email":"fjames7r@odnoklassniki.ru","status":"Completed","date":"12/14/2014"},
{"id":281,"number":"0603-4662","name":"Fred Bell","type":"marketing","email":"fbell7s@theguardian.com","status":"Completed","date":"9/14/2015"},
{"id":282,"number":"53113-688","name":"Bonnie Murphy","type":"marketing","email":"bmurphy7t@bigcartel.com","status":"Completed","date":"5/27/2015"},
{"id":283,"number":"68745-1038","name":"Jose Jordan","type":"wordpress website","email":"jjordan7u@delicious.com","status":"Completed","date":"6/15/2015"},
{"id":284,"number":"44911-0042","name":"Helen Diaz","type":"wordpress website","email":"hdiaz7v@aol.com","status":"New","date":"11/15/2015"},
{"id":285,"number":"10738-301","name":"Eric Henderson","type":"crm service","email":"ehenderson7w@about.com","status":"New","date":"3/30/2015"},
{"id":286,"number":"44924-002","name":"Jessica Sullivan","type":"logo design","email":"jsullivan7x@sohu.com","status":"New","date":"10/13/2015"},
{"id":287,"number":"59630-992","name":"David Ryan","type":"crm service","email":"dryan7y@i2i.jp","status":"New","date":"7/29/2015"},
{"id":288,"number":"11523-1159","name":"Mark Brooks","type":"crm service","email":"mbrooks7z@google.it","status":"Completed","date":"3/6/2015"},
{"id":289,"number":"66184-529","name":"Ruby Berry","type":"web design","email":"rberry80@yellowbook.com","status":"Completed","date":"6/27/2015"},
{"id":290,"number":"63029-603","name":"Michael George","type":"photoshop","email":"mgeorge81@washingtonpost.com","status":"New","date":"5/10/2015"},
{"id":291,"number":"0409-2347","name":"Susan Duncan","type":"logo design","email":"sduncan82@alibaba.com","status":"New","date":"1/16/2015"},
{"id":292,"number":"66184-529","name":"Andrew Collins","type":"photoshop","email":"acollins83@ucoz.ru","status":"New","date":"6/20/2015"},
{"id":293,"number":"43857-0119","name":"Joyce Dunn","type":"branding","email":"jdunn84@scribd.com","status":"New","date":"12/26/2014"},
{"id":294,"number":"68025-058","name":"Nicholas Williams","type":"SEO and SEM","email":"nwilliams85@google.co.uk","status":"New","date":"4/29/2015"},
{"id":295,"number":"51285-538","name":"Donald Brown","type":"branding","email":"dbrown86@surveymonkey.com","status":"New","date":"11/9/2015"},
{"id":296,"number":"59667-0033","name":"Frank Hall","type":"social media marketing","email":"fhall87@desdev.cn","status":"Completed","date":"3/10/2015"},
{"id":297,"number":"49715-012","name":"Steven Richards","type":"web design","email":"srichards88@cisco.com","status":"Completed","date":"6/30/2015"},
{"id":298,"number":"67457-444","name":"Fred Carr","type":"marketing","email":"fcarr89@plala.or.jp","status":"New","date":"11/30/2014"},
{"id":299,"number":"54118-7978","name":"Kenneth Willis","type":"php website","email":"kwillis8a@zdnet.com","status":"New","date":"9/24/2015"},
{"id":300,"number":"65044-1438","name":"Robert Harrison","type":"crm service","email":"rharrison8b@nsw.gov.au","status":"New","date":"11/11/2015"},
{"id":301,"number":"49349-953","name":"Roger Watkins","type":"web design","email":"rwatkins8c@reference.com","status":"Completed","date":"9/3/2015"},
{"id":302,"number":"54136-030","name":"Jane Garcia","type":"web design","email":"jgarcia8d@netvibes.com","status":"New","date":"6/22/2015"},
{"id":303,"number":"49999-599","name":"Kelly Nguyen","type":"branding","email":"knguyen8e@youtu.be","status":"Completed","date":"6/10/2015"},
{"id":304,"number":"65365-001","name":"Virginia Bryant","type":"SEO and SEM","email":"vbryant8f@tamu.edu","status":"Completed","date":"1/12/2015"},
{"id":305,"number":"13734-127","name":"Carolyn Lewis","type":"php website","email":"clewis8g@uol.com.br","status":"Completed","date":"8/28/2015"},
{"id":306,"number":"61543-7782","name":"Nancy Rodriguez","type":"photoshop","email":"nrodriguez8h@123-reg.co.uk","status":"Completed","date":"9/17/2015"},
{"id":307,"number":"53808-0979","name":"Doris Patterson","type":"logo design","email":"dpatterson8i@facebook.com","status":"New","date":"5/9/2015"},
{"id":308,"number":"65224-721","name":"Donald Price","type":"php website","email":"dprice8j@oracle.com","status":"New","date":"1/31/2015"},
{"id":309,"number":"0832-0708","name":"Susan Mendoza","type":"marketing","email":"smendoza8k@howstuffworks.com","status":"New","date":"4/27/2015"},
{"id":310,"number":"49738-300","name":"Joyce Bell","type":"crm service","email":"jbell8l@ox.ac.uk","status":"Completed","date":"5/11/2015"},
{"id":311,"number":"0781-3305","name":"Willie Romero","type":"php website","email":"wromero8m@google.co.jp","status":"Completed","date":"10/3/2015"},
{"id":312,"number":"68703-042","name":"Bruce Garrett","type":"branding","email":"bgarrett8n@dagondesign.com","status":"Completed","date":"5/8/2015"},
{"id":313,"number":"53808-0701","name":"Jack Armstrong","type":"programming","email":"jarmstrong8o@fotki.com","status":"Completed","date":"2/10/2015"},
{"id":314,"number":"0041-0350","name":"Donna Cruz","type":"wordpress website","email":"dcruz8p@pcworld.com","status":"New","date":"8/19/2015"},
{"id":315,"number":"42002-442","name":"Susan Elliott","type":"logo design","email":"selliott8q@dell.com","status":"Completed","date":"9/3/2015"},
{"id":316,"number":"52533-059","name":"Gregory Garcia","type":"crm service","email":"ggarcia8r@creativecommons.org","status":"Completed","date":"2/19/2015"},
{"id":317,"number":"55154-2427","name":"Donna Stewart","type":"web design","email":"dstewart8s@goodreads.com","status":"Completed","date":"1/22/2015"},
{"id":318,"number":"49349-845","name":"Nancy Owens","type":"photoshop","email":"nowens8t@unblog.fr","status":"New","date":"10/25/2015"},
{"id":319,"number":"16571-160","name":"Eric Lewis","type":"wordpress website","email":"elewis8u@mayoclinic.com","status":"New","date":"4/1/2015"},
{"id":320,"number":"43742-0194","name":"Anna Bailey","type":"SEO and SEM","email":"abailey8v@ebay.co.uk","status":"Completed","date":"8/22/2015"},
{"id":321,"number":"63941-120","name":"Juan Thompson","type":"crm service","email":"jthompson8w@bravesites.com","status":"New","date":"4/22/2015"},
{"id":322,"number":"51991-632","name":"Susan Harvey","type":"photoshop","email":"sharvey8x@taobao.com","status":"Completed","date":"11/1/2015"},
{"id":323,"number":"61786-043","name":"Kathy Brown","type":"programming","email":"kbrown8y@behance.net","status":"New","date":"5/23/2015"},
{"id":324,"number":"53345-011","name":"Clarence Morgan","type":"social media marketing","email":"cmorgan8z@creativecommons.org","status":"New","date":"4/18/2015"},
{"id":325,"number":"64117-921","name":"Andrew Carpenter","type":"wordpress website","email":"acarpenter90@samsung.com","status":"New","date":"7/11/2015"},
{"id":326,"number":"65044-2361","name":"Karen Jordan","type":"social media marketing","email":"kjordan91@foxnews.com","status":"New","date":"5/3/2015"},
{"id":327,"number":"48951-1126","name":"Bobby Ellis","type":"photoshop","email":"bellis92@seattletimes.com","status":"New","date":"6/28/2015"},
{"id":328,"number":"24385-157","name":"Richard Butler","type":"photoshop","email":"rbutler93@noaa.gov","status":"New","date":"1/30/2015"},
{"id":329,"number":"63323-352","name":"Rachel James","type":"wordpress website","email":"rjames94@telegraph.co.uk","status":"Completed","date":"9/4/2015"},
{"id":330,"number":"63629-4037","name":"Carl Carr","type":"logo design","email":"ccarr95@wired.com","status":"New","date":"3/15/2015"},
{"id":331,"number":"36987-1383","name":"Billy Hernandez","type":"php website","email":"bhernandez96@springer.com","status":"New","date":"1/6/2015"},
{"id":332,"number":"61699-3182","name":"Timothy Cruz","type":"social media marketing","email":"tcruz97@booking.com","status":"Completed","date":"4/22/2015"},
{"id":333,"number":"60432-613","name":"Julia Cox","type":"SEO and SEM","email":"jcox98@netscape.com","status":"New","date":"8/14/2015"},
{"id":334,"number":"51346-208","name":"Janet Miller","type":"php website","email":"jmiller99@state.gov","status":"New","date":"3/12/2015"},
{"id":335,"number":"52125-493","name":"Earl Cooper","type":"graphic design","email":"ecooper9a@creativecommons.org","status":"Completed","date":"11/26/2015"},
{"id":336,"number":"21130-678","name":"Teresa Reed","type":"wordpress website","email":"treed9b@imageshack.us","status":"New","date":"2/17/2015"},
{"id":337,"number":"68645-454","name":"Rachel Carr","type":"marketing","email":"rcarr9c@usatoday.com","status":"New","date":"11/14/2015"},
{"id":338,"number":"49288-0579","name":"Marilyn Chapman","type":"SEO and SEM","email":"mchapman9d@bandcamp.com","status":"New","date":"2/23/2015"},
{"id":339,"number":"58988-0022","name":"Larry Oliver","type":"web design","email":"loliver9e@umn.edu","status":"New","date":"1/4/2015"},
{"id":340,"number":"36987-2065","name":"Alice Watkins","type":"marketing","email":"awatkins9f@biglobe.ne.jp","status":"Completed","date":"10/22/2015"},
{"id":341,"number":"68026-542","name":"Louise Morgan","type":"wordpress website","email":"lmorgan9g@phpbb.com","status":"New","date":"10/15/2015"},
{"id":342,"number":"72036-230","name":"Annie Lawrence","type":"programming","email":"alawrence9h@csmonitor.com","status":"Completed","date":"9/5/2015"},
{"id":343,"number":"50563-115","name":"Joan Clark","type":"photoshop","email":"jclark9i@ca.gov","status":"New","date":"6/9/2015"},
{"id":344,"number":"11673-660","name":"Louis Burns","type":"programming","email":"lburns9j@narod.ru","status":"Completed","date":"3/21/2015"},
{"id":345,"number":"36987-2842","name":"Annie Myers","type":"wordpress website","email":"amyers9k@diigo.com","status":"New","date":"8/8/2015"},
{"id":346,"number":"55319-529","name":"Phillip Allen","type":"php website","email":"pallen9l@paginegialle.it","status":"New","date":"3/6/2015"},
{"id":347,"number":"34057-001","name":"Dorothy Dixon","type":"SEO and SEM","email":"ddixon9m@sitemeter.com","status":"New","date":"1/13/2015"},
{"id":348,"number":"49281-286","name":"Ashley Gonzalez","type":"wordpress website","email":"agonzalez9n@ehow.com","status":"Completed","date":"8/30/2015"},
{"id":349,"number":"35356-101","name":"Matthew Gordon","type":"php website","email":"mgordon9o@macromedia.com","status":"New","date":"9/23/2015"},
{"id":350,"number":"55154-2225","name":"Walter White","type":"social media marketing","email":"wwhite9p@bing.com","status":"Completed","date":"5/3/2015"},
{"id":351,"number":"0004-0822","name":"Catherine Kim","type":"crm service","email":"ckim9q@over-blog.com","status":"Completed","date":"3/16/2015"},
{"id":352,"number":"49527-009","name":"Donald Grant","type":"logo design","email":"dgrant9r@squarespace.com","status":"New","date":"5/14/2015"},
{"id":353,"number":"76420-450","name":"Evelyn Watson","type":"crm service","email":"ewatson9s@a8.net","status":"New","date":"7/27/2015"},
{"id":354,"number":"52686-277","name":"Albert Warren","type":"php website","email":"awarren9t@soup.io","status":"Completed","date":"1/26/2015"},
{"id":355,"number":"52125-100","name":"Paul Edwards","type":"php website","email":"pedwards9u@hubpages.com","status":"Completed","date":"2/26/2015"},
{"id":356,"number":"10742-8212","name":"Harry Sims","type":"marketing","email":"hsims9v@toplist.cz","status":"Completed","date":"7/8/2015"},
{"id":357,"number":"68786-218","name":"Louis Henry","type":"social media marketing","email":"lhenry9w@globo.com","status":"Completed","date":"11/12/2015"},
{"id":358,"number":"52125-455","name":"Louise Ferguson","type":"crm service","email":"lferguson9x@huffingtonpost.com","status":"Completed","date":"4/3/2015"},
{"id":359,"number":"55910-473","name":"Raymond Richards","type":"php website","email":"rrichards9y@usatoday.com","status":"Completed","date":"2/27/2015"},
{"id":360,"number":"48951-4039","name":"Joan Kelly","type":"SEO and SEM","email":"jkelly9z@google.co.uk","status":"New","date":"3/11/2015"},
{"id":361,"number":"56062-090","name":"Eric Bryant","type":"php website","email":"ebryanta0@cnn.com","status":"Completed","date":"11/21/2015"},
{"id":362,"number":"62011-0168","name":"Anthony Berry","type":"programming","email":"aberrya1@microsoft.com","status":"Completed","date":"6/27/2015"},
{"id":363,"number":"0378-4024","name":"Clarence White","type":"web design","email":"cwhitea2@google.cn","status":"Completed","date":"2/12/2015"},
{"id":364,"number":"60875-100","name":"Jeremy Wilson","type":"web design","email":"jwilsona3@xrea.com","status":"New","date":"12/26/2014"},
{"id":365,"number":"49999-873","name":"Cheryl Bell","type":"graphic design","email":"cbella4@alexa.com","status":"Completed","date":"9/19/2015"},
{"id":366,"number":"52102-1001","name":"Jeffrey Woods","type":"photoshop","email":"jwoodsa5@dailymotion.com","status":"Completed","date":"4/3/2015"},
{"id":367,"number":"42643-101","name":"Diana Hunt","type":"social media marketing","email":"dhunta6@dailymotion.com","status":"New","date":"7/21/2015"},
{"id":368,"number":"16714-032","name":"Frances Freeman","type":"marketing","email":"ffreemana7@themeforest.net","status":"Completed","date":"7/27/2015"},
{"id":369,"number":"43063-518","name":"David Mitchell","type":"SEO and SEM","email":"dmitchella8@geocities.com","status":"New","date":"6/19/2015"},
{"id":370,"number":"48951-8068","name":"Theresa Cox","type":"social media marketing","email":"tcoxa9@delicious.com","status":"New","date":"5/15/2015"},
{"id":371,"number":"0409-2028","name":"Billy Morales","type":"social media marketing","email":"bmoralesaa@pbs.org","status":"New","date":"12/2/2014"},
{"id":372,"number":"68788-9868","name":"Phyllis Hayes","type":"branding","email":"phayesab@comsenz.com","status":"Completed","date":"6/14/2015"},
{"id":373,"number":"59779-186","name":"Jesse Mendoza","type":"php website","email":"jmendozaac@spotify.com","status":"Completed","date":"8/17/2015"},
{"id":374,"number":"63629-3982","name":"Ashley Baker","type":"SEO and SEM","email":"abakerad@tripod.com","status":"Completed","date":"6/12/2015"},
{"id":375,"number":"68016-221","name":"Mildred Griffin","type":"photoshop","email":"mgriffinae@earthlink.net","status":"New","date":"8/18/2015"},
{"id":376,"number":"52125-773","name":"Amy Long","type":"photoshop","email":"alongaf@macromedia.com","status":"New","date":"7/3/2015"},
{"id":377,"number":"63739-456","name":"Roy Robinson","type":"branding","email":"rrobinsonag@behance.net","status":"New","date":"5/4/2015"},
{"id":378,"number":"44911-0109","name":"Richard Rodriguez","type":"branding","email":"rrodriguezah@mlb.com","status":"Completed","date":"9/18/2015"},
{"id":379,"number":"30142-234","name":"Sara Ramirez","type":"graphic design","email":"sramirezai@aol.com","status":"Completed","date":"5/24/2015"},
{"id":380,"number":"11673-428","name":"Rose Palmer","type":"web design","email":"rpalmeraj@foxnews.com","status":"New","date":"9/28/2015"},
{"id":381,"number":"54868-5192","name":"Sarah Sanchez","type":"graphic design","email":"ssanchezak@who.int","status":"New","date":"6/16/2015"},
{"id":382,"number":"30142-092","name":"Bonnie Palmer","type":"graphic design","email":"bpalmeral@irs.gov","status":"Completed","date":"10/10/2015"},
{"id":383,"number":"53489-110","name":"Helen Edwards","type":"php website","email":"hedwardsam@prnewswire.com","status":"New","date":"6/20/2015"},
{"id":384,"number":"13668-111","name":"Roger Perez","type":"logo design","email":"rperezan@tmall.com","status":"New","date":"5/13/2015"},
{"id":385,"number":"37000-353","name":"Kimberly Meyer","type":"crm service","email":"kmeyerao@dell.com","status":"Completed","date":"4/22/2015"},
{"id":386,"number":"49349-598","name":"Bonnie Sullivan","type":"logo design","email":"bsullivanap@bloglovin.com","status":"New","date":"12/8/2014"},
{"id":387,"number":"51758-004","name":"Shirley Foster","type":"photoshop","email":"sfosteraq@typepad.com","status":"Completed","date":"1/4/2015"},
{"id":388,"number":"16590-225","name":"Timothy Day","type":"SEO and SEM","email":"tdayar@barnesandnoble.com","status":"Completed","date":"7/11/2015"},
{"id":389,"number":"0338-3580","name":"Ruth Thomas","type":"graphic design","email":"rthomasas@exblog.jp","status":"New","date":"6/25/2015"},
{"id":390,"number":"43857-0212","name":"Philip Hunt","type":"crm service","email":"phuntat@cnn.com","status":"New","date":"10/24/2015"},
{"id":391,"number":"0069-3858","name":"Dennis Carpenter","type":"social media marketing","email":"dcarpenterau@uol.com.br","status":"New","date":"2/2/2015"},
{"id":392,"number":"50419-342","name":"Emily Reid","type":"photoshop","email":"ereidav@go.com","status":"Completed","date":"12/20/2014"},
{"id":393,"number":"0310-0279","name":"Diana Wright","type":"marketing","email":"dwrightaw@wisc.edu","status":"Completed","date":"3/13/2015"},
{"id":394,"number":"0363-0441","name":"Jean Porter","type":"social media marketing","email":"jporterax@imdb.com","status":"Completed","date":"9/18/2015"},
{"id":395,"number":"65923-555","name":"Carlos Jones","type":"crm service","email":"cjonesay@globo.com","status":"Completed","date":"6/16/2015"},
{"id":396,"number":"44009-802","name":"Karen Hughes","type":"php website","email":"khughesaz@delicious.com","status":"New","date":"6/29/2015"},
{"id":397,"number":"36800-503","name":"Jennifer Hicks","type":"wordpress website","email":"jhicksb0@jugem.jp","status":"New","date":"12/14/2014"},
{"id":398,"number":"62750-005","name":"Ann Day","type":"php website","email":"adayb1@apple.com","status":"New","date":"11/13/2015"},
{"id":399,"number":"53808-0388","name":"Frances James","type":"graphic design","email":"fjamesb2@dropbox.com","status":"New","date":"9/13/2015"},
{"id":400,"number":"30142-274","name":"Evelyn Andrews","type":"crm service","email":"eandrewsb3@lycos.com","status":"New","date":"5/19/2015"},
{"id":401,"number":"0268-6553","name":"Matthew Harris","type":"graphic design","email":"mharrisb4@yandex.ru","status":"Completed","date":"4/18/2015"},
{"id":402,"number":"76323-004","name":"Kathy Cox","type":"wordpress website","email":"kcoxb5@java.com","status":"New","date":"6/3/2015"},
{"id":403,"number":"36987-1036","name":"Ann Hernandez","type":"photoshop","email":"ahernandezb6@chronoengine.com","status":"Completed","date":"9/13/2015"},
{"id":404,"number":"37000-364","name":"Judy Welch","type":"wordpress website","email":"jwelchb7@dailymail.co.uk","status":"Completed","date":"11/15/2015"},
{"id":405,"number":"36987-1887","name":"Judith Fisher","type":"graphic design","email":"jfisherb8@elpais.com","status":"Completed","date":"10/28/2015"},
{"id":406,"number":"68462-309","name":"Judith Kennedy","type":"web design","email":"jkennedyb9@ifeng.com","status":"New","date":"10/29/2015"},
{"id":407,"number":"63629-5418","name":"Jose Payne","type":"wordpress website","email":"jpayneba@hc360.com","status":"New","date":"10/14/2015"},
{"id":408,"number":"49643-340","name":"Philip Kennedy","type":"marketing","email":"pkennedybb@nih.gov","status":"New","date":"2/19/2015"},
{"id":409,"number":"0378-6150","name":"Nancy Mcdonald","type":"graphic design","email":"nmcdonaldbc@usda.gov","status":"New","date":"2/1/2015"},
{"id":410,"number":"51672-1258","name":"Adam Johnston","type":"web design","email":"ajohnstonbd@w3.org","status":"Completed","date":"1/24/2015"},
{"id":411,"number":"32909-804","name":"Irene Phillips","type":"programming","email":"iphillipsbe@google.co.uk","status":"Completed","date":"7/31/2015"},
{"id":412,"number":"59115-073","name":"Mark Phillips","type":"graphic design","email":"mphillipsbf@wikipedia.org","status":"Completed","date":"12/8/2014"},
{"id":413,"number":"58118-0037","name":"Susan Ramos","type":"programming","email":"sramosbg@ted.com","status":"Completed","date":"6/16/2015"},
{"id":414,"number":"43857-0239","name":"Dennis Morales","type":"graphic design","email":"dmoralesbh@acquirethisname.com","status":"New","date":"1/22/2015"},
{"id":415,"number":"60505-2869","name":"Cynthia Washington","type":"wordpress website","email":"cwashingtonbi@hexun.com","status":"Completed","date":"4/29/2015"},
{"id":416,"number":"0378-3850","name":"Todd Matthews","type":"php website","email":"tmatthewsbj@nationalgeographic.com","status":"New","date":"6/13/2015"},
{"id":417,"number":"53329-067","name":"Philip Kim","type":"graphic design","email":"pkimbk@newyorker.com","status":"New","date":"7/2/2015"},
{"id":418,"number":"48102-100","name":"Carl Reyes","type":"SEO and SEM","email":"creyesbl@merriam-webster.com","status":"New","date":"8/5/2015"},
{"id":419,"number":"49643-010","name":"Heather Cook","type":"graphic design","email":"hcookbm@netscape.com","status":"Completed","date":"1/18/2015"},
{"id":420,"number":"36987-1932","name":"Joshua Franklin","type":"web design","email":"jfranklinbn@nydailynews.com","status":"Completed","date":"7/21/2015"},
{"id":421,"number":"55154-6245","name":"Carl Peterson","type":"SEO and SEM","email":"cpetersonbo@storify.com","status":"New","date":"7/24/2015"},
{"id":422,"number":"54868-5821","name":"Samuel Jones","type":"logo design","email":"sjonesbp@imageshack.us","status":"New","date":"3/9/2015"},
{"id":423,"number":"43596-0012","name":"Christine Fox","type":"branding","email":"cfoxbq@cbslocal.com","status":"Completed","date":"12/3/2014"},
{"id":424,"number":"0372-0006","name":"Rose Rodriguez","type":"wordpress website","email":"rrodriguezbr@studiopress.com","status":"New","date":"1/3/2015"},
{"id":425,"number":"0245-0213","name":"Bonnie Woods","type":"marketing","email":"bwoodsbs@bloglovin.com","status":"New","date":"9/14/2015"},
{"id":426,"number":"10096-0286","name":"Jerry Rodriguez","type":"marketing","email":"jrodriguezbt@indiegogo.com","status":"New","date":"6/7/2015"},
{"id":427,"number":"13811-558","name":"Timothy Stone","type":"programming","email":"tstonebu@oaic.gov.au","status":"Completed","date":"4/17/2015"},
{"id":428,"number":"59279-514","name":"Walter Thompson","type":"photoshop","email":"wthompsonbv@foxnews.com","status":"New","date":"4/2/2015"},
{"id":429,"number":"49371-035","name":"Jean Alvarez","type":"SEO and SEM","email":"jalvarezbw@bizjournals.com","status":"New","date":"3/27/2015"},
{"id":430,"number":"37000-720","name":"Kathy Bryant","type":"marketing","email":"kbryantbx@ocn.ne.jp","status":"Completed","date":"5/26/2015"},
{"id":431,"number":"10542-010","name":"Kathryn Sims","type":"marketing","email":"ksimsby@yale.edu","status":"New","date":"11/29/2015"},
{"id":432,"number":"11523-7349","name":"Robert Powell","type":"social media marketing","email":"rpowellbz@prlog.org","status":"Completed","date":"12/20/2014"},
{"id":433,"number":"0615-2557","name":"Kathleen Sullivan","type":"crm service","email":"ksullivanc0@google.es","status":"Completed","date":"7/29/2015"},
{"id":434,"number":"68084-807","name":"Nicholas Thompson","type":"SEO and SEM","email":"nthompsonc1@ftc.gov","status":"New","date":"10/2/2015"},
{"id":435,"number":"0904-3012","name":"Karen Spencer","type":"branding","email":"kspencerc2@npr.org","status":"New","date":"4/19/2015"},
{"id":436,"number":"52862-315","name":"Mark Carroll","type":"programming","email":"mcarrollc3@unc.edu","status":"Completed","date":"2/15/2015"},
{"id":437,"number":"50436-6914","name":"Johnny Garza","type":"marketing","email":"jgarzac4@google.com.hk","status":"Completed","date":"10/26/2015"},
{"id":438,"number":"13668-005","name":"Keith Black","type":"graphic design","email":"kblackc5@amazon.co.uk","status":"Completed","date":"5/15/2015"},
{"id":439,"number":"65483-391","name":"Christine Nelson","type":"crm service","email":"cnelsonc6@unblog.fr","status":"New","date":"6/8/2015"},
{"id":440,"number":"54868-4983","name":"Jacqueline Ellis","type":"php website","email":"jellisc7@instagram.com","status":"New","date":"10/25/2015"},
{"id":441,"number":"42507-130","name":"Marilyn Mason","type":"php website","email":"mmasonc8@huffingtonpost.com","status":"Completed","date":"2/26/2015"},
{"id":442,"number":"68180-846","name":"Brenda Wallace","type":"branding","email":"bwallacec9@theatlantic.com","status":"Completed","date":"8/23/2015"},
{"id":443,"number":"10544-252","name":"Harry Warren","type":"branding","email":"hwarrenca@mit.edu","status":"Completed","date":"5/16/2015"},
{"id":444,"number":"36800-014","name":"Randy Bennett","type":"php website","email":"rbennettcb@pagesperso-orange.fr","status":"Completed","date":"6/11/2015"},
{"id":445,"number":"0615-7692","name":"Dorothy Richardson","type":"branding","email":"drichardsoncc@altervista.org","status":"Completed","date":"8/17/2015"},
{"id":446,"number":"47781-308","name":"Heather Montgomery","type":"crm service","email":"hmontgomerycd@marketwatch.com","status":"New","date":"10/25/2015"},
{"id":447,"number":"0591-2473","name":"Kenneth Wright","type":"logo design","email":"kwrightce@blog.com","status":"New","date":"11/23/2015"},
{"id":448,"number":"0781-5150","name":"Irene Banks","type":"branding","email":"ibankscf@businessweek.com","status":"New","date":"11/24/2015"},
{"id":449,"number":"49349-328","name":"Angela Henderson","type":"programming","email":"ahendersoncg@apple.com","status":"New","date":"4/30/2015"},
{"id":450,"number":"54575-184","name":"Lillian Weaver","type":"SEO and SEM","email":"lweaverch@sakura.ne.jp","status":"New","date":"7/24/2015"},
{"id":451,"number":"51138-044","name":"Beverly Alexander","type":"photoshop","email":"balexanderci@latimes.com","status":"New","date":"3/4/2015"},
{"id":452,"number":"76354-204","name":"Paula Frazier","type":"social media marketing","email":"pfraziercj@ning.com","status":"New","date":"8/28/2015"},
{"id":453,"number":"49288-0474","name":"Wanda Reid","type":"photoshop","email":"wreidck@smugmug.com","status":"New","date":"9/12/2015"},
{"id":454,"number":"65224-880","name":"Linda Walker","type":"SEO and SEM","email":"lwalkercl@desdev.cn","status":"Completed","date":"4/17/2015"},
{"id":455,"number":"51079-562","name":"Alice Brooks","type":"wordpress website","email":"abrookscm@ezinearticles.com","status":"New","date":"4/8/2015"},
{"id":456,"number":"58668-1511","name":"Arthur Gray","type":"php website","email":"agraycn@biblegateway.com","status":"Completed","date":"5/21/2015"},
{"id":457,"number":"50268-526","name":"Sara James","type":"programming","email":"sjamesco@paginegialle.it","status":"New","date":"6/20/2015"},
{"id":458,"number":"60512-6582","name":"Edward Freeman","type":"crm service","email":"efreemancp@gravatar.com","status":"Completed","date":"7/29/2015"},
{"id":459,"number":"0069-5420","name":"Philip Alexander","type":"crm service","email":"palexandercq@hubpages.com","status":"New","date":"11/12/2015"},
{"id":460,"number":"21695-093","name":"Donald Morgan","type":"graphic design","email":"dmorgancr@salon.com","status":"Completed","date":"6/11/2015"},
{"id":461,"number":"72036-227","name":"Barbara Holmes","type":"marketing","email":"bholmescs@posterous.com","status":"New","date":"1/11/2015"},
{"id":462,"number":"76237-190","name":"Steve Hernandez","type":"php website","email":"shernandezct@php.net","status":"New","date":"11/14/2015"},
{"id":463,"number":"58232-0702","name":"Cynthia Adams","type":"social media marketing","email":"cadamscu@scribd.com","status":"Completed","date":"3/14/2015"},
{"id":464,"number":"0904-5631","name":"Sandra Price","type":"marketing","email":"spricecv@fastcompany.com","status":"Completed","date":"12/26/2014"},
{"id":465,"number":"44924-113","name":"Stephen Stewart","type":"crm service","email":"sstewartcw@barnesandnoble.com","status":"Completed","date":"2/21/2015"},
{"id":466,"number":"22955-016","name":"Eric Medina","type":"php website","email":"emedinacx@boston.com","status":"New","date":"8/5/2015"},
{"id":467,"number":"0168-0056","name":"Ruby Freeman","type":"branding","email":"rfreemancy@va.gov","status":"New","date":"9/1/2015"},
{"id":468,"number":"51442-552","name":"Annie Sims","type":"branding","email":"asimscz@symantec.com","status":"Completed","date":"12/12/2014"},
{"id":469,"number":"23155-146","name":"Maria Richardson","type":"php website","email":"mrichardsond0@blogspot.com","status":"Completed","date":"4/4/2015"},
{"id":470,"number":"15127-551","name":"Heather Larson","type":"social media marketing","email":"hlarsond1@google.cn","status":"New","date":"1/30/2015"},
{"id":471,"number":"11527-052","name":"Fred Pierce","type":"crm service","email":"fpierced2@mayoclinic.com","status":"Completed","date":"11/23/2015"},
{"id":472,"number":"54569-0919","name":"Roger Stone","type":"wordpress website","email":"rstoned3@redcross.org","status":"Completed","date":"2/17/2015"},
{"id":473,"number":"26482-0001","name":"Joyce Butler","type":"SEO and SEM","email":"jbutlerd4@icio.us","status":"Completed","date":"12/26/2014"},
{"id":474,"number":"48951-1173","name":"Matthew Robertson","type":"wordpress website","email":"mrobertsond5@51.la","status":"Completed","date":"11/22/2015"},
{"id":475,"number":"43063-501","name":"Billy Wright","type":"branding","email":"bwrightd6@printfriendly.com","status":"Completed","date":"6/1/2015"},
{"id":476,"number":"44567-505","name":"Diana Gibson","type":"wordpress website","email":"dgibsond7@surveymonkey.com","status":"New","date":"7/9/2015"},
{"id":477,"number":"68382-543","name":"Jesse Fernandez","type":"social media marketing","email":"jfernandezd8@github.com","status":"New","date":"10/10/2015"},
{"id":478,"number":"54575-294","name":"Keith Hayes","type":"php website","email":"khayesd9@berkeley.edu","status":"Completed","date":"11/9/2015"},
{"id":479,"number":"25010-711","name":"Antonio Andrews","type":"crm service","email":"aandrewsda@hhs.gov","status":"Completed","date":"4/7/2015"},
{"id":480,"number":"50845-0133","name":"Teresa Garrett","type":"graphic design","email":"tgarrettdb@cargocollective.com","status":"New","date":"6/12/2015"},
{"id":481,"number":"54868-6284","name":"Charles Freeman","type":"programming","email":"cfreemandc@sfgate.com","status":"Completed","date":"1/29/2015"},
{"id":482,"number":"47682-114","name":"Kenneth Alexander","type":"logo design","email":"kalexanderdd@time.com","status":"New","date":"8/24/2015"},
{"id":483,"number":"0378-3702","name":"Joan King","type":"marketing","email":"jkingde@xrea.com","status":"New","date":"3/12/2015"},
{"id":484,"number":"68391-359","name":"Christina Ryan","type":"wordpress website","email":"cryandf@redcross.org","status":"Completed","date":"8/15/2015"},
{"id":485,"number":"0268-0840","name":"Betty Lane","type":"photoshop","email":"blanedg@themeforest.net","status":"New","date":"3/5/2015"},
{"id":486,"number":"55154-1327","name":"Aaron Grant","type":"programming","email":"agrantdh@businesswire.com","status":"New","date":"12/5/2014"},
{"id":487,"number":"62839-3888","name":"Scott Day","type":"social media marketing","email":"sdaydi@themeforest.net","status":"Completed","date":"5/28/2015"},
{"id":488,"number":"15127-835","name":"Brenda Burke","type":"web design","email":"bburkedj@delicious.com","status":"Completed","date":"4/21/2015"},
{"id":489,"number":"0143-9930","name":"Margaret Wheeler","type":"marketing","email":"mwheelerdk@statcounter.com","status":"New","date":"2/17/2015"},
{"id":490,"number":"42192-714","name":"Steven Palmer","type":"programming","email":"spalmerdl@miibeian.gov.cn","status":"New","date":"12/4/2014"},
{"id":491,"number":"68828-131","name":"Angela Murray","type":"web design","email":"amurraydm@t.co","status":"Completed","date":"6/16/2015"},
{"id":492,"number":"33261-842","name":"Diane Turner","type":"crm service","email":"dturnerdn@rakuten.co.jp","status":"Completed","date":"1/22/2015"},
{"id":493,"number":"49035-608","name":"Mark Adams","type":"branding","email":"madamsdo@spiegel.de","status":"New","date":"6/22/2015"},
{"id":494,"number":"49035-112","name":"Barbara Lawson","type":"branding","email":"blawsondp@bandcamp.com","status":"New","date":"6/30/2015"},
{"id":495,"number":"24357-701","name":"James Scott","type":"logo design","email":"jscottdq@ow.ly","status":"Completed","date":"1/12/2015"},
{"id":496,"number":"41250-035","name":"Harry Peters","type":"php website","email":"hpetersdr@earthlink.net","status":"Completed","date":"10/18/2015"},
{"id":497,"number":"24236-389","name":"Shirley Johnston","type":"php website","email":"sjohnstonds@blogger.com","status":"Completed","date":"1/15/2015"},
{"id":498,"number":"60793-857","name":"Andrea Gilbert","type":"wordpress website","email":"agilbertdt@yahoo.com","status":"New","date":"5/24/2015"},
{"id":499,"number":"0781-1715","name":"Robin Wilson","type":"photoshop","email":"rwilsondu@multiply.com","status":"New","date":"1/9/2015"},
{"id":500,"number":"67877-149","name":"Ruth Bryant","type":"photoshop","email":"rbryantdv@last.fm","status":"New","date":"1/21/2015"}]
}