{ "aaData": [{"id":1,"number":"50382-008","customer":"Jane Rose","job":"logo design","email":"jrose0@zimbio.com","status":"Completed","date":"9/26/2015","price":"$445.84"},
{"id":2,"number":"11980-022","customer":"Jose Gutierrez","job":"logo design","email":"jgutierrez1@prnewswire.com","status":"Completed","date":"10/6/2015","price":"$489.66"},
{"id":3,"number":"63323-306","customer":"Walter Bishop","job":"SEO and SEM","email":"wbishop2@mit.edu","status":"Completed","date":"2/12/2015","price":"$492.57"},
{"id":4,"number":"63187-118","customer":"Clarence Little","job":"logo design","email":"clittle3@tiny.cc","status":"Completed","date":"9/11/2015","price":"$353.53"},
{"id":5,"number":"55289-150","customer":"Martha Dunn","job":"SEO and SEM","email":"mdunn4@seattletimes.com","status":"New","date":"7/7/2015","price":"$489.63"},
{"id":6,"number":"55111-199","customer":"Rachel Gray","job":"graphic design","email":"rgray5@naver.com","status":"Completed","date":"2/13/2015","price":"$369.68"},
{"id":7,"number":"63481-440","customer":"Ralph Tucker","job":"wordpress website","email":"rtucker6@wikia.com","status":"New","date":"10/23/2015","price":"$397.06"},
{"id":8,"number":"42254-052","customer":"Betty Baker","job":"photoshop","email":"bbaker7@si.edu","status":"New","date":"8/7/2015","price":"$157.12"},
{"id":9,"number":"66993-160","customer":"Lori Wilson","job":"php website","email":"lwilson8@pbs.org","status":"Completed","date":"12/12/2014","price":"$450.19"},
{"id":10,"number":"60429-128","customer":"Jennifer Matthews","job":"programming","email":"jmatthews9@t-online.de","status":"New","date":"2/9/2015","price":"$478.61"},
{"id":11,"number":"49288-0108","customer":"Gregory Williams","job":"marketing","email":"gwilliamsa@prlog.org","status":"New","date":"8/4/2015","price":"$354.83"},
{"id":12,"number":"54569-0419","customer":"Robin Hamilton","job":"social media marketing","email":"rhamiltonb@prlog.org","status":"New","date":"6/6/2015","price":"$400.76"},
{"id":13,"number":"51672-4147","customer":"Betty James","job":"programming","email":"bjamesc@instagram.com","status":"New","date":"11/29/2015","price":"$498.35"},
{"id":14,"number":"29300-111","customer":"Johnny Williams","job":"photoshop","email":"jwilliamsd@census.gov","status":"Completed","date":"1/25/2015","price":"$431.01"},
{"id":15,"number":"0032-1103","customer":"Robert Porter","job":"programming","email":"rportere@de.vu","status":"New","date":"1/9/2015","price":"$295.50"},
{"id":16,"number":"52125-250","customer":"Louise Rose","job":"marketing","email":"lrosef@jalbum.net","status":"New","date":"8/30/2015","price":"$464.07"},
{"id":17,"number":"0143-9770","customer":"Douglas Kelley","job":"programming","email":"dkelleyg@yellowbook.com","status":"New","date":"1/8/2015","price":"$384.82"},
{"id":18,"number":"36987-2904","customer":"Daniel Warren","job":"social media marketing","email":"dwarrenh@wordpress.org","status":"Completed","date":"11/2/2015","price":"$315.32"},
{"id":19,"number":"0268-1281","customer":"Wayne West","job":"web design","email":"wwesti@upenn.edu","status":"New","date":"6/13/2015","price":"$162.38"},
{"id":20,"number":"29336-815","customer":"Harold Hicks","job":"branding","email":"hhicksj@senate.gov","status":"Completed","date":"7/19/2015","price":"$259.86"},
{"id":21,"number":"0054-4299","customer":"Bobby Hill","job":"marketing","email":"bhillk@reverbnation.com","status":"Completed","date":"8/24/2015","price":"$397.16"},
{"id":22,"number":"49035-067","customer":"Edward Mcdonald","job":"web design","email":"emcdonaldl@sciencedirect.com","status":"Completed","date":"10/17/2015","price":"$289.05"},
{"id":23,"number":"43419-017","customer":"Amanda Bryant","job":"php website","email":"abryantm@europa.eu","status":"New","date":"4/5/2015","price":"$280.69"},
{"id":24,"number":"36987-2571","customer":"Irene Jones","job":"logo design","email":"ijonesn@springer.com","status":"Completed","date":"12/20/2014","price":"$158.67"},
{"id":25,"number":"62559-110","customer":"Julie Nguyen","job":"web design","email":"jnguyeno@cpanel.net","status":"Completed","date":"10/16/2015","price":"$220.06"},
{"id":26,"number":"55154-5371","customer":"Tina Duncan","job":"crm service","email":"tduncanp@squarespace.com","status":"New","date":"2/13/2015","price":"$456.80"},
{"id":27,"number":"59779-130","customer":"Joan Baker","job":"php website","email":"jbakerq@nps.gov","status":"New","date":"6/5/2015","price":"$313.06"},
{"id":28,"number":"67046-501","customer":"George Coleman","job":"php website","email":"gcolemanr@google.ca","status":"New","date":"6/30/2015","price":"$153.48"},
{"id":29,"number":"36987-3052","customer":"Douglas Boyd","job":"web design","email":"dboyds@hao123.com","status":"Completed","date":"5/4/2015","price":"$496.34"},
{"id":30,"number":"21695-547","customer":"Jesse Richards","job":"photoshop","email":"jrichardst@wikia.com","status":"New","date":"2/13/2015","price":"$254.20"},
{"id":31,"number":"54569-0572","customer":"Shawn Scott","job":"logo design","email":"sscottu@liveinternet.ru","status":"Completed","date":"3/31/2015","price":"$455.23"},
{"id":32,"number":"37808-252","customer":"Shawn Lee","job":"crm service","email":"sleev@opera.com","status":"Completed","date":"9/17/2015","price":"$175.74"},
{"id":33,"number":"41520-505","customer":"Rebecca Grant","job":"social media marketing","email":"rgrantw@newsvine.com","status":"New","date":"4/16/2015","price":"$276.89"},
{"id":34,"number":"69020-204","customer":"Fred George","job":"crm service","email":"fgeorgex@webmd.com","status":"Completed","date":"1/11/2015","price":"$456.54"},
{"id":35,"number":"36800-086","customer":"Jean Hawkins","job":"programming","email":"jhawkinsy@economist.com","status":"Completed","date":"6/9/2015","price":"$100.25"},
{"id":36,"number":"43063-423","customer":"Eric Oliver","job":"branding","email":"eoliverz@omniture.com","status":"New","date":"1/21/2015","price":"$283.15"},
{"id":37,"number":"0781-3290","customer":"Victor Harris","job":"graphic design","email":"vharris10@google.it","status":"New","date":"10/30/2015","price":"$313.12"},
{"id":38,"number":"49348-159","customer":"Russell Freeman","job":"logo design","email":"rfreeman11@wix.com","status":"Completed","date":"4/11/2015","price":"$398.09"},
{"id":39,"number":"58118-0238","customer":"Steve Turner","job":"graphic design","email":"sturner12@utexas.edu","status":"New","date":"1/8/2015","price":"$224.06"},
{"id":40,"number":"55910-582","customer":"Ruth Butler","job":"web design","email":"rbutler13@narod.ru","status":"New","date":"6/16/2015","price":"$293.99"},
{"id":41,"number":"42546-145","customer":"Patrick Fernandez","job":"marketing","email":"pfernandez14@histats.com","status":"Completed","date":"8/6/2015","price":"$376.67"},
{"id":42,"number":"53135-838","customer":"Helen Garza","job":"php website","email":"hgarza15@dyndns.org","status":"Completed","date":"12/24/2014","price":"$284.06"},
{"id":43,"number":"42002-421","customer":"Betty Burns","job":"social media marketing","email":"bburns16@guardian.co.uk","status":"Completed","date":"1/11/2015","price":"$392.33"},
{"id":44,"number":"57344-163","customer":"Billy Black","job":"social media marketing","email":"bblack17@furl.net","status":"Completed","date":"1/5/2015","price":"$131.23"},
{"id":45,"number":"21695-062","customer":"Stephen Green","job":"programming","email":"sgreen18@bandcamp.com","status":"New","date":"8/17/2015","price":"$132.95"},
{"id":46,"number":"44911-0050","customer":"Sara Gardner","job":"marketing","email":"sgardner19@cornell.edu","status":"Completed","date":"1/1/2015","price":"$475.08"},
{"id":47,"number":"21695-348","customer":"Peter Day","job":"branding","email":"pday1a@blogs.com","status":"New","date":"7/13/2015","price":"$210.20"},
{"id":48,"number":"58232-9910","customer":"Howard Stephens","job":"social media marketing","email":"hstephens1b@seattletimes.com","status":"New","date":"9/26/2015","price":"$278.72"},
{"id":49,"number":"55289-704","customer":"Johnny Williams","job":"wordpress website","email":"jwilliams1c@flickr.com","status":"Completed","date":"4/8/2015","price":"$312.67"},
{"id":50,"number":"55289-443","customer":"Jessica White","job":"programming","email":"jwhite1d@nydailynews.com","status":"Completed","date":"7/17/2015","price":"$414.08"},
{"id":51,"number":"64720-208","customer":"Raymond Weaver","job":"SEO and SEM","email":"rweaver1e@craigslist.org","status":"New","date":"4/11/2015","price":"$431.40"},
{"id":52,"number":"63824-464","customer":"Terry Lawson","job":"crm service","email":"tlawson1f@sogou.com","status":"New","date":"2/23/2015","price":"$421.18"},
{"id":53,"number":"49852-161","customer":"Sarah Perez","job":"SEO and SEM","email":"sperez1g@sphinn.com","status":"Completed","date":"5/16/2015","price":"$177.58"},
{"id":54,"number":"51346-129","customer":"Jesse Watkins","job":"SEO and SEM","email":"jwatkins1h@bravesites.com","status":"New","date":"9/12/2015","price":"$280.88"},
{"id":55,"number":"36987-2858","customer":"Martha Edwards","job":"php website","email":"medwards1i@oaic.gov.au","status":"Completed","date":"12/13/2014","price":"$411.12"},
{"id":56,"number":"57237-108","customer":"Charles Miller","job":"programming","email":"cmiller1j@cnbc.com","status":"New","date":"1/21/2015","price":"$118.57"},
{"id":57,"number":"34645-3025","customer":"Amy Weaver","job":"marketing","email":"aweaver1k@over-blog.com","status":"New","date":"5/11/2015","price":"$147.39"},
{"id":58,"number":"41520-520","customer":"Jimmy Murray","job":"programming","email":"jmurray1l@arstechnica.com","status":"New","date":"7/21/2015","price":"$183.72"},
{"id":59,"number":"0093-2085","customer":"Martha Mitchell","job":"branding","email":"mmitchell1m@posterous.com","status":"Completed","date":"11/24/2015","price":"$487.95"},
{"id":60,"number":"61715-010","customer":"Adam Harris","job":"branding","email":"aharris1n@yahoo.com","status":"Completed","date":"10/12/2015","price":"$372.25"},
{"id":61,"number":"43063-121","customer":"Billy Ray","job":"logo design","email":"bray1o@tamu.edu","status":"New","date":"12/21/2014","price":"$372.75"},
{"id":62,"number":"0781-3174","customer":"Melissa Schmidt","job":"photoshop","email":"mschmidt1p@spiegel.de","status":"Completed","date":"1/19/2015","price":"$441.83"},
{"id":63,"number":"16590-102","customer":"Christine Payne","job":"marketing","email":"cpayne1q@last.fm","status":"New","date":"8/3/2015","price":"$310.34"},
{"id":64,"number":"41520-648","customer":"Randy Lynch","job":"graphic design","email":"rlynch1r@independent.co.uk","status":"Completed","date":"2/7/2015","price":"$444.65"},
{"id":65,"number":"57664-228","customer":"Charles Fernandez","job":"graphic design","email":"cfernandez1s@imgur.com","status":"Completed","date":"4/7/2015","price":"$414.92"},
{"id":66,"number":"42254-161","customer":"Alice Thomas","job":"php website","email":"athomas1t@si.edu","status":"New","date":"10/31/2015","price":"$215.12"},
{"id":67,"number":"0093-5420","customer":"Janet Alvarez","job":"branding","email":"jalvarez1u@freewebs.com","status":"New","date":"5/13/2015","price":"$103.50"},
{"id":68,"number":"10812-441","customer":"Kelly Shaw","job":"wordpress website","email":"kshaw1v@va.gov","status":"New","date":"3/28/2015","price":"$241.13"},
{"id":69,"number":"49999-965","customer":"Lillian Barnes","job":"photoshop","email":"lbarnes1w@wikipedia.org","status":"Completed","date":"4/5/2015","price":"$191.09"},
{"id":70,"number":"48951-8023","customer":"Janice Boyd","job":"php website","email":"jboyd1x@gnu.org","status":"New","date":"9/9/2015","price":"$499.61"},
{"id":71,"number":"52841-020","customer":"Diana Rice","job":"graphic design","email":"drice1y@squarespace.com","status":"Completed","date":"10/11/2015","price":"$170.27"},
{"id":72,"number":"55926-0022","customer":"Marie Gordon","job":"social media marketing","email":"mgordon1z@whitehouse.gov","status":"Completed","date":"1/28/2015","price":"$228.91"},
{"id":73,"number":"0054-0543","customer":"Craig Moreno","job":"programming","email":"cmoreno20@nps.gov","status":"Completed","date":"3/23/2015","price":"$196.28"},
{"id":74,"number":"25021-146","customer":"Christine Duncan","job":"marketing","email":"cduncan21@timesonline.co.uk","status":"Completed","date":"2/1/2015","price":"$375.62"},
{"id":75,"number":"59401-001","customer":"Christine Daniels","job":"wordpress website","email":"cdaniels22@ihg.com","status":"New","date":"10/13/2015","price":"$444.17"},
{"id":76,"number":"65044-9971","customer":"Heather Boyd","job":"programming","email":"hboyd23@timesonline.co.uk","status":"New","date":"9/27/2015","price":"$459.77"},
{"id":77,"number":"0363-1009","customer":"Evelyn Mccoy","job":"photoshop","email":"emccoy24@angelfire.com","status":"New","date":"2/15/2015","price":"$216.14"},
{"id":78,"number":"76162-102","customer":"Rebecca Washington","job":"social media marketing","email":"rwashington25@dagondesign.com","status":"New","date":"10/31/2015","price":"$246.67"},
{"id":79,"number":"52904-448","customer":"Arthur Nichols","job":"SEO and SEM","email":"anichols26@networksolutions.com","status":"New","date":"3/16/2015","price":"$254.94"},
{"id":80,"number":"63459-504","customer":"Janice Gutierrez","job":"SEO and SEM","email":"jgutierrez27@chicagotribune.com","status":"New","date":"12/23/2014","price":"$431.87"},
{"id":81,"number":"0378-3953","customer":"Carol Burton","job":"wordpress website","email":"cburton28@w3.org","status":"New","date":"6/28/2015","price":"$310.47"},
{"id":82,"number":"0009-0306","customer":"Chris Berry","job":"web design","email":"cberry29@infoseek.co.jp","status":"Completed","date":"5/16/2015","price":"$130.94"},
{"id":83,"number":"50580-228","customer":"Jeremy Garza","job":"branding","email":"jgarza2a@slate.com","status":"New","date":"2/18/2015","price":"$261.54"},
{"id":84,"number":"49288-0211","customer":"Nicole Greene","job":"social media marketing","email":"ngreene2b@google.fr","status":"Completed","date":"9/30/2015","price":"$414.90"},
{"id":85,"number":"46123-018","customer":"Thomas Murphy","job":"branding","email":"tmurphy2c@buzzfeed.com","status":"New","date":"8/2/2015","price":"$282.62"},
{"id":86,"number":"53489-110","customer":"Andrea Diaz","job":"social media marketing","email":"adiaz2d@ebay.com","status":"Completed","date":"6/30/2015","price":"$363.11"},
{"id":87,"number":"24385-304","customer":"Rose Stone","job":"marketing","email":"rstone2e@hao123.com","status":"Completed","date":"12/2/2014","price":"$222.58"},
{"id":88,"number":"68016-410","customer":"Marie Morris","job":"marketing","email":"mmorris2f@mit.edu","status":"Completed","date":"12/9/2014","price":"$419.18"},
{"id":89,"number":"48951-3113","customer":"Todd Richards","job":"web design","email":"trichards2g@aboutads.info","status":"Completed","date":"5/10/2015","price":"$127.81"},
{"id":90,"number":"63940-055","customer":"Juan Garcia","job":"logo design","email":"jgarcia2h@sakura.ne.jp","status":"New","date":"2/27/2015","price":"$399.44"},
{"id":91,"number":"68151-2481","customer":"Walter Williamson","job":"web design","email":"wwilliamson2i@angelfire.com","status":"Completed","date":"12/16/2014","price":"$426.69"},
{"id":92,"number":"0071-2418","customer":"Richard Meyer","job":"logo design","email":"rmeyer2j@networkadvertising.org","status":"Completed","date":"9/22/2015","price":"$483.80"},
{"id":93,"number":"24909-126","customer":"Jonathan Bryant","job":"crm service","email":"jbryant2k@shop-pro.jp","status":"New","date":"12/3/2014","price":"$270.93"},
{"id":94,"number":"43419-323","customer":"Ashley Vasquez","job":"crm service","email":"avasquez2l@facebook.com","status":"New","date":"9/22/2015","price":"$263.14"},
{"id":95,"number":"58154-103","customer":"Ann Marshall","job":"php website","email":"amarshall2m@mysql.com","status":"Completed","date":"4/21/2015","price":"$203.96"},
{"id":96,"number":"55154-7777","customer":"Kathy Hamilton","job":"marketing","email":"khamilton2n@si.edu","status":"New","date":"1/8/2015","price":"$123.06"},
{"id":97,"number":"0085-2028","customer":"Emily Davis","job":"branding","email":"edavis2o@reverbnation.com","status":"New","date":"12/29/2014","price":"$153.84"},
{"id":98,"number":"0024-1535","customer":"Cynthia Matthews","job":"graphic design","email":"cmatthews2p@jugem.jp","status":"Completed","date":"6/1/2015","price":"$214.33"},
{"id":99,"number":"36987-2682","customer":"Carlos Edwards","job":"marketing","email":"cedwards2q@smugmug.com","status":"Completed","date":"3/30/2015","price":"$202.62"},
{"id":100,"number":"68345-876","customer":"Raymond Lynch","job":"php website","email":"rlynch2r@cdbaby.com","status":"New","date":"10/14/2015","price":"$201.38"},
{"id":101,"number":"59779-355","customer":"Evelyn Foster","job":"marketing","email":"efoster2s@imageshack.us","status":"New","date":"10/2/2015","price":"$283.69"},
{"id":102,"number":"0904-5851","customer":"Martha Freeman","job":"photoshop","email":"mfreeman2t@spotify.com","status":"New","date":"4/11/2015","price":"$467.67"},
{"id":103,"number":"62175-890","customer":"Roy Garrett","job":"SEO and SEM","email":"rgarrett2u@shutterfly.com","status":"New","date":"7/17/2015","price":"$454.20"},
{"id":104,"number":"44911-0117","customer":"Scott Phillips","job":"SEO and SEM","email":"sphillips2v@samsung.com","status":"Completed","date":"9/18/2015","price":"$388.46"},
{"id":105,"number":"52125-062","customer":"Gloria Stephens","job":"SEO and SEM","email":"gstephens2w@auda.org.au","status":"New","date":"11/15/2015","price":"$408.85"},
{"id":106,"number":"51329-1001","customer":"William Scott","job":"social media marketing","email":"wscott2x@whitehouse.gov","status":"New","date":"7/5/2015","price":"$174.88"},
{"id":107,"number":"52346-014","customer":"Douglas Wilson","job":"graphic design","email":"dwilson2y@histats.com","status":"Completed","date":"10/29/2015","price":"$237.15"},
{"id":108,"number":"55045-1266","customer":"Daniel Brooks","job":"branding","email":"dbrooks2z@a8.net","status":"New","date":"7/3/2015","price":"$351.83"},
{"id":109,"number":"41163-595","customer":"Linda Reed","job":"web design","email":"lreed30@bbc.co.uk","status":"Completed","date":"3/7/2015","price":"$329.85"},
{"id":110,"number":"58414-8748","customer":"Raymond Butler","job":"branding","email":"rbutler31@simplemachines.org","status":"New","date":"6/23/2015","price":"$192.12"},
{"id":111,"number":"52125-082","customer":"Christina Porter","job":"marketing","email":"cporter32@cam.ac.uk","status":"Completed","date":"2/14/2015","price":"$462.52"},
{"id":112,"number":"53346-1359","customer":"Kathy Holmes","job":"graphic design","email":"kholmes33@google.com.au","status":"Completed","date":"1/28/2015","price":"$339.65"},
{"id":113,"number":"48951-8004","customer":"Jennifer Mendoza","job":"web design","email":"jmendoza34@hugedomains.com","status":"Completed","date":"12/21/2014","price":"$229.98"},
{"id":114,"number":"0406-3243","customer":"Christina Armstrong","job":"web design","email":"carmstrong35@dell.com","status":"New","date":"8/14/2015","price":"$259.99"},
{"id":115,"number":"0179-0120","customer":"Emily Perez","job":"php website","email":"eperez36@ucsd.edu","status":"New","date":"8/1/2015","price":"$309.67"},
{"id":116,"number":"66184-100","customer":"Jason Taylor","job":"branding","email":"jtaylor37@edublogs.org","status":"Completed","date":"1/3/2015","price":"$259.32"},
{"id":117,"number":"0054-0143","customer":"Betty Murray","job":"php website","email":"bmurray38@dropbox.com","status":"Completed","date":"3/6/2015","price":"$283.00"},
{"id":118,"number":"43063-239","customer":"Wayne Greene","job":"marketing","email":"wgreene39@cnbc.com","status":"New","date":"2/27/2015","price":"$122.41"},
{"id":119,"number":"13734-127","customer":"Martha Palmer","job":"php website","email":"mpalmer3a@newyorker.com","status":"New","date":"2/5/2015","price":"$372.51"},
{"id":120,"number":"33261-956","customer":"Chris Harvey","job":"wordpress website","email":"charvey3b@webmd.com","status":"Completed","date":"10/21/2015","price":"$367.90"},
{"id":121,"number":"63739-800","customer":"Joshua Thompson","job":"crm service","email":"jthompson3c@networkadvertising.org","status":"Completed","date":"10/8/2015","price":"$347.67"},
{"id":122,"number":"21130-857","customer":"Robin Jacobs","job":"logo design","email":"rjacobs3d@soup.io","status":"Completed","date":"2/3/2015","price":"$368.68"},
{"id":123,"number":"0093-1177","customer":"Julia Torres","job":"marketing","email":"jtorres3e@wix.com","status":"New","date":"12/10/2014","price":"$397.50"},
{"id":124,"number":"42367-111","customer":"Phyllis Olson","job":"graphic design","email":"polson3f@about.me","status":"Completed","date":"5/30/2015","price":"$237.83"},
{"id":125,"number":"65162-679","customer":"Bonnie Gonzales","job":"php website","email":"bgonzales3g@bluehost.com","status":"New","date":"8/24/2015","price":"$209.16"},
{"id":126,"number":"68428-027","customer":"Anthony Arnold","job":"crm service","email":"aarnold3h@stanford.edu","status":"New","date":"9/2/2015","price":"$193.27"},
{"id":127,"number":"51285-692","customer":"Joan Perez","job":"wordpress website","email":"jperez3i@rediff.com","status":"New","date":"12/6/2014","price":"$172.20"},
{"id":128,"number":"10191-1934","customer":"Dorothy Franklin","job":"web design","email":"dfranklin3j@baidu.com","status":"Completed","date":"12/1/2014","price":"$207.05"},
{"id":129,"number":"67457-477","customer":"Aaron Wells","job":"programming","email":"awells3k@addtoany.com","status":"New","date":"8/13/2015","price":"$345.53"},
{"id":130,"number":"55714-4452","customer":"Larry Perkins","job":"web design","email":"lperkins3l@yale.edu","status":"New","date":"5/2/2015","price":"$202.96"},
{"id":131,"number":"0113-0462","customer":"Phillip Fernandez","job":"crm service","email":"pfernandez3m@tinyurl.com","status":"New","date":"3/4/2015","price":"$328.49"},
{"id":132,"number":"62584-259","customer":"Samuel Reynolds","job":"web design","email":"sreynolds3n@edublogs.org","status":"Completed","date":"10/5/2015","price":"$261.41"},
{"id":133,"number":"65862-617","customer":"Irene Griffin","job":"branding","email":"igriffin3o@123-reg.co.uk","status":"New","date":"9/5/2015","price":"$209.54"},
{"id":134,"number":"23155-146","customer":"Anna Harper","job":"photoshop","email":"aharper3p@spotify.com","status":"New","date":"4/4/2015","price":"$137.53"},
{"id":135,"number":"0268-6776","customer":"Jesse Miller","job":"graphic design","email":"jmiller3q@usda.gov","status":"Completed","date":"11/1/2015","price":"$408.18"},
{"id":136,"number":"64616-069","customer":"Eugene Ortiz","job":"branding","email":"eortiz3r@privacy.gov.au","status":"Completed","date":"6/3/2015","price":"$341.50"},
{"id":137,"number":"53033-005","customer":"Karen Fox","job":"crm service","email":"kfox3s@g.co","status":"New","date":"3/31/2015","price":"$219.11"},
{"id":138,"number":"52810-411","customer":"Edward Howell","job":"php website","email":"ehowell3t@mit.edu","status":"Completed","date":"4/4/2015","price":"$110.90"},
{"id":139,"number":"53199-100","customer":"Anna Cunningham","job":"social media marketing","email":"acunningham3u@springer.com","status":"New","date":"12/18/2014","price":"$455.75"},
{"id":140,"number":"51514-0337","customer":"Anthony Brown","job":"marketing","email":"abrown3v@myspace.com","status":"Completed","date":"9/9/2015","price":"$235.77"},
{"id":141,"number":"58118-1452","customer":"Billy Morgan","job":"social media marketing","email":"bmorgan3w@cafepress.com","status":"New","date":"12/11/2014","price":"$123.15"},
{"id":142,"number":"49781-073","customer":"Doris Morales","job":"web design","email":"dmorales3x@npr.org","status":"Completed","date":"6/4/2015","price":"$444.49"},
{"id":143,"number":"42291-267","customer":"Virginia Wallace","job":"crm service","email":"vwallace3y@craigslist.org","status":"New","date":"4/3/2015","price":"$397.32"},
{"id":144,"number":"52125-536","customer":"Samuel Ward","job":"wordpress website","email":"sward3z@youtube.com","status":"New","date":"1/22/2015","price":"$446.67"},
{"id":145,"number":"51393-6659","customer":"Billy Sanders","job":"social media marketing","email":"bsanders40@thetimes.co.uk","status":"New","date":"2/11/2015","price":"$147.63"},
{"id":146,"number":"58443-0042","customer":"Michelle Wallace","job":"crm service","email":"mwallace41@archive.org","status":"New","date":"4/4/2015","price":"$246.39"},
{"id":147,"number":"37012-871","customer":"Julie Hunter","job":"social media marketing","email":"jhunter42@amazon.de","status":"New","date":"10/7/2015","price":"$247.47"},
{"id":148,"number":"49035-030","customer":"Janet Rivera","job":"wordpress website","email":"jrivera43@ucla.edu","status":"Completed","date":"6/15/2015","price":"$167.24"},
{"id":149,"number":"49738-399","customer":"Sarah Watkins","job":"graphic design","email":"swatkins44@theguardian.com","status":"Completed","date":"3/15/2015","price":"$473.87"},
{"id":150,"number":"57520-1051","customer":"Mildred Vasquez","job":"logo design","email":"mvasquez45@mozilla.com","status":"Completed","date":"7/12/2015","price":"$248.31"},
{"id":151,"number":"60905-0005","customer":"Teresa Wallace","job":"branding","email":"twallace46@youku.com","status":"Completed","date":"1/25/2015","price":"$491.16"},
{"id":152,"number":"0641-0497","customer":"Linda Fernandez","job":"web design","email":"lfernandez47@parallels.com","status":"Completed","date":"11/12/2015","price":"$366.08"},
{"id":153,"number":"44224-0007","customer":"Eugene Meyer","job":"web design","email":"emeyer48@virginia.edu","status":"Completed","date":"10/26/2015","price":"$338.08"},
{"id":154,"number":"58118-0553","customer":"Eugene Chavez","job":"logo design","email":"echavez49@cyberchimps.com","status":"Completed","date":"1/17/2015","price":"$468.93"},
{"id":155,"number":"63304-099","customer":"Samuel Boyd","job":"social media marketing","email":"sboyd4a@yellowbook.com","status":"New","date":"11/9/2015","price":"$270.21"},
{"id":156,"number":"37000-023","customer":"Ruby King","job":"photoshop","email":"rking4b@ed.gov","status":"Completed","date":"5/14/2015","price":"$351.52"},
{"id":157,"number":"55154-5618","customer":"Norma Reed","job":"branding","email":"nreed4c@a8.net","status":"New","date":"1/10/2015","price":"$191.27"},
{"id":158,"number":"54575-131","customer":"Scott Dean","job":"social media marketing","email":"sdean4d@nyu.edu","status":"Completed","date":"3/21/2015","price":"$201.45"},
{"id":159,"number":"33992-7993","customer":"Willie Stewart","job":"photoshop","email":"wstewart4e@github.com","status":"New","date":"3/26/2015","price":"$172.22"},
{"id":160,"number":"65923-004","customer":"Tammy Robinson","job":"photoshop","email":"trobinson4f@slideshare.net","status":"Completed","date":"5/9/2015","price":"$373.73"},
{"id":161,"number":"0378-2590","customer":"Jacqueline Chavez","job":"social media marketing","email":"jchavez4g@privacy.gov.au","status":"Completed","date":"8/8/2015","price":"$238.03"},
{"id":162,"number":"42507-298","customer":"Anne Freeman","job":"graphic design","email":"afreeman4h@ning.com","status":"New","date":"2/23/2015","price":"$352.78"},
{"id":163,"number":"10812-043","customer":"Sharon Gray","job":"web design","email":"sgray4i@twitter.com","status":"Completed","date":"11/27/2015","price":"$272.46"},
{"id":164,"number":"0615-7522","customer":"Shirley Kelly","job":"logo design","email":"skelly4j@g.co","status":"Completed","date":"7/7/2015","price":"$139.34"},
{"id":165,"number":"47593-469","customer":"Kathleen Harvey","job":"branding","email":"kharvey4k@amazon.de","status":"New","date":"2/28/2015","price":"$334.51"},
{"id":166,"number":"66336-911","customer":"Randy Bennett","job":"logo design","email":"rbennett4l@reuters.com","status":"New","date":"2/3/2015","price":"$123.63"},
{"id":167,"number":"0591-2789","customer":"Kenneth Bryant","job":"marketing","email":"kbryant4m@state.tx.us","status":"Completed","date":"7/1/2015","price":"$370.73"},
{"id":168,"number":"0904-0478","customer":"Norma Duncan","job":"crm service","email":"nduncan4n@usda.gov","status":"Completed","date":"10/11/2015","price":"$146.40"},
{"id":169,"number":"49349-010","customer":"Nicholas Jacobs","job":"branding","email":"njacobs4o@lulu.com","status":"New","date":"10/7/2015","price":"$168.62"},
{"id":170,"number":"0406-0127","customer":"Larry Marshall","job":"wordpress website","email":"lmarshall4p@shop-pro.jp","status":"New","date":"8/31/2015","price":"$111.98"},
{"id":171,"number":"65862-199","customer":"Ann Brooks","job":"programming","email":"abrooks4q@eepurl.com","status":"Completed","date":"2/17/2015","price":"$265.81"},
{"id":172,"number":"68084-054","customer":"Victor Garcia","job":"crm service","email":"vgarcia4r@ftc.gov","status":"New","date":"12/3/2014","price":"$164.08"},
{"id":173,"number":"68016-318","customer":"Heather Miller","job":"web design","email":"hmiller4s@fotki.com","status":"New","date":"7/1/2015","price":"$114.41"},
{"id":174,"number":"49789-060","customer":"Walter Payne","job":"marketing","email":"wpayne4t@google.nl","status":"Completed","date":"8/8/2015","price":"$256.30"},
{"id":175,"number":"49288-0904","customer":"Ann Wagner","job":"social media marketing","email":"awagner4u@yellowbook.com","status":"New","date":"9/27/2015","price":"$390.06"},
{"id":176,"number":"64117-052","customer":"Anthony Sanders","job":"photoshop","email":"asanders4v@technorati.com","status":"Completed","date":"10/4/2015","price":"$190.47"},
{"id":177,"number":"0597-0007","customer":"Teresa Holmes","job":"wordpress website","email":"tholmes4w@msn.com","status":"Completed","date":"3/22/2015","price":"$263.92"},
{"id":178,"number":"59667-0107","customer":"Jessica Lee","job":"social media marketing","email":"jlee4x@weather.com","status":"New","date":"7/8/2015","price":"$140.80"},
{"id":179,"number":"49643-329","customer":"Anna Gray","job":"graphic design","email":"agray4y@fc2.com","status":"New","date":"8/20/2015","price":"$443.22"},
{"id":180,"number":"68391-359","customer":"Wanda Garcia","job":"wordpress website","email":"wgarcia4z@aol.com","status":"Completed","date":"5/18/2015","price":"$380.41"},
{"id":181,"number":"21695-048","customer":"Norma Hansen","job":"crm service","email":"nhansen50@netvibes.com","status":"Completed","date":"9/9/2015","price":"$110.62"},
{"id":182,"number":"53666-403","customer":"Jonathan Wells","job":"social media marketing","email":"jwells51@goo.ne.jp","status":"New","date":"5/29/2015","price":"$380.70"},
{"id":183,"number":"43269-846","customer":"Jonathan Wright","job":"crm service","email":"jwright52@va.gov","status":"New","date":"5/15/2015","price":"$328.41"},
{"id":184,"number":"35356-869","customer":"Paula Phillips","job":"web design","email":"pphillips53@ning.com","status":"Completed","date":"1/22/2015","price":"$334.95"},
{"id":185,"number":"63323-147","customer":"Mark Jacobs","job":"programming","email":"mjacobs54@mapy.cz","status":"New","date":"10/5/2015","price":"$452.86"},
{"id":186,"number":"62584-163","customer":"Marie Walker","job":"marketing","email":"mwalker55@sogou.com","status":"New","date":"1/28/2015","price":"$422.94"},
{"id":187,"number":"24090-470","customer":"Amy Thompson","job":"programming","email":"athompson56@oracle.com","status":"Completed","date":"1/20/2015","price":"$381.04"},
{"id":188,"number":"0363-0360","customer":"Sean Burns","job":"web design","email":"sburns57@blogspot.com","status":"New","date":"5/16/2015","price":"$150.64"},
{"id":189,"number":"11086-028","customer":"Joshua Robinson","job":"php website","email":"jrobinson58@163.com","status":"Completed","date":"2/12/2015","price":"$183.79"},
{"id":190,"number":"68737-234","customer":"Christina Jordan","job":"graphic design","email":"cjordan59@chicagotribune.com","status":"Completed","date":"11/23/2015","price":"$499.76"},
{"id":191,"number":"50332-0118","customer":"Gregory Peters","job":"social media marketing","email":"gpeters5a@hatena.ne.jp","status":"New","date":"4/8/2015","price":"$100.82"},
{"id":192,"number":"49349-452","customer":"Steve Kim","job":"SEO and SEM","email":"skim5b@nymag.com","status":"Completed","date":"12/12/2014","price":"$369.93"},
{"id":193,"number":"17518-028","customer":"Kathryn Patterson","job":"php website","email":"kpatterson5c@imageshack.us","status":"New","date":"10/31/2015","price":"$168.03"},
{"id":194,"number":"68788-9506","customer":"Stephanie Mendoza","job":"marketing","email":"smendoza5d@nbcnews.com","status":"New","date":"6/4/2015","price":"$300.55"},
{"id":195,"number":"0169-5175","customer":"Fred Peters","job":"logo design","email":"fpeters5e@artisteer.com","status":"New","date":"2/13/2015","price":"$420.34"},
{"id":196,"number":"66993-021","customer":"William Hicks","job":"marketing","email":"whicks5f@angelfire.com","status":"New","date":"7/6/2015","price":"$219.09"},
{"id":197,"number":"37808-368","customer":"Theresa Parker","job":"SEO and SEM","email":"tparker5g@blogtalkradio.com","status":"Completed","date":"12/24/2014","price":"$136.95"},
{"id":198,"number":"63843-520","customer":"Paula Wilson","job":"SEO and SEM","email":"pwilson5h@indiatimes.com","status":"New","date":"1/18/2015","price":"$221.08"},
{"id":199,"number":"68472-135","customer":"Susan Medina","job":"php website","email":"smedina5i@wix.com","status":"New","date":"5/20/2015","price":"$329.10"},
{"id":200,"number":"55154-0156","customer":"Jacqueline Ward","job":"programming","email":"jward5j@storify.com","status":"Completed","date":"7/18/2015","price":"$128.98"},
{"id":201,"number":"56136-002","customer":"Richard Austin","job":"logo design","email":"raustin5k@foxnews.com","status":"Completed","date":"9/23/2015","price":"$372.56"},
{"id":202,"number":"10237-708","customer":"Anthony Thompson","job":"programming","email":"athompson5l@g.co","status":"New","date":"2/12/2015","price":"$170.05"},
{"id":203,"number":"36987-1845","customer":"Louis Carroll","job":"marketing","email":"lcarroll5m@apple.com","status":"New","date":"2/11/2015","price":"$124.51"},
{"id":204,"number":"0179-0033","customer":"Roger Walker","job":"crm service","email":"rwalker5n@ibm.com","status":"Completed","date":"9/24/2015","price":"$145.31"},
{"id":205,"number":"13537-189","customer":"Patrick Lopez","job":"php website","email":"plopez5o@blogs.com","status":"New","date":"6/4/2015","price":"$199.71"},
{"id":206,"number":"47781-342","customer":"Christine Taylor","job":"programming","email":"ctaylor5p@godaddy.com","status":"Completed","date":"9/27/2015","price":"$322.23"},
{"id":207,"number":"52083-632","customer":"Beverly Ray","job":"crm service","email":"bray5q@sogou.com","status":"New","date":"9/10/2015","price":"$412.36"},
{"id":208,"number":"52125-308","customer":"David Brown","job":"web design","email":"dbrown5r@linkedin.com","status":"New","date":"9/21/2015","price":"$180.26"},
{"id":209,"number":"54868-4199","customer":"Shirley Garza","job":"wordpress website","email":"sgarza5s@ox.ac.uk","status":"New","date":"5/3/2015","price":"$400.71"},
{"id":210,"number":"0113-2365","customer":"Larry Bennett","job":"logo design","email":"lbennett5t@ustream.tv","status":"New","date":"7/25/2015","price":"$169.05"},
{"id":211,"number":"55312-227","customer":"Craig Webb","job":"logo design","email":"cwebb5u@zdnet.com","status":"New","date":"4/13/2015","price":"$388.67"},
{"id":212,"number":"60505-3112","customer":"Stephen Franklin","job":"branding","email":"sfranklin5v@mlb.com","status":"New","date":"5/17/2015","price":"$483.10"},
{"id":213,"number":"54868-5987","customer":"Christine Wallace","job":"wordpress website","email":"cwallace5w@google.nl","status":"Completed","date":"12/12/2014","price":"$346.26"},
{"id":214,"number":"62037-777","customer":"Earl Austin","job":"programming","email":"eaustin5x@foxnews.com","status":"Completed","date":"4/26/2015","price":"$110.35"},
{"id":215,"number":"54340-651","customer":"Diane Medina","job":"marketing","email":"dmedina5y@issuu.com","status":"New","date":"3/11/2015","price":"$481.13"},
{"id":216,"number":"0093-7304","customer":"Marie Powell","job":"photoshop","email":"mpowell5z@chronoengine.com","status":"New","date":"9/28/2015","price":"$496.50"},
{"id":217,"number":"57520-0801","customer":"Christine Black","job":"logo design","email":"cblack60@parallels.com","status":"Completed","date":"8/9/2015","price":"$292.50"},
{"id":218,"number":"64679-571","customer":"Andrea Patterson","job":"marketing","email":"apatterson61@edublogs.org","status":"Completed","date":"3/28/2015","price":"$354.31"},
{"id":219,"number":"0409-4203","customer":"Ronald Black","job":"wordpress website","email":"rblack62@ezinearticles.com","status":"New","date":"11/6/2015","price":"$145.32"},
{"id":220,"number":"49999-103","customer":"Janet Bryant","job":"web design","email":"jbryant63@cafepress.com","status":"Completed","date":"6/24/2015","price":"$235.75"},
{"id":221,"number":"13537-531","customer":"Stephanie Bailey","job":"photoshop","email":"sbailey64@elpais.com","status":"Completed","date":"6/10/2015","price":"$482.15"},
{"id":222,"number":"0093-4404","customer":"Melissa Hunt","job":"crm service","email":"mhunt65@infoseek.co.jp","status":"Completed","date":"3/19/2015","price":"$490.85"},
{"id":223,"number":"55154-0661","customer":"Irene Anderson","job":"marketing","email":"ianderson66@cbc.ca","status":"New","date":"12/14/2014","price":"$150.30"},
{"id":224,"number":"17478-546","customer":"Paula Fields","job":"wordpress website","email":"pfields67@ftc.gov","status":"Completed","date":"12/16/2014","price":"$391.08"},
{"id":225,"number":"49035-236","customer":"Maria Mcdonald","job":"wordpress website","email":"mmcdonald68@mit.edu","status":"New","date":"4/6/2015","price":"$153.34"},
{"id":226,"number":"49349-766","customer":"Jeremy Brooks","job":"crm service","email":"jbrooks69@blogs.com","status":"Completed","date":"4/20/2015","price":"$198.69"},
{"id":227,"number":"54868-4367","customer":"Jerry Meyer","job":"marketing","email":"jmeyer6a@google.com.br","status":"Completed","date":"1/3/2015","price":"$427.77"},
{"id":228,"number":"55154-0370","customer":"Randy Bennett","job":"php website","email":"rbennett6b@sohu.com","status":"New","date":"1/28/2015","price":"$354.75"},
{"id":229,"number":"43063-275","customer":"Joan Romero","job":"SEO and SEM","email":"jromero6c@macromedia.com","status":"New","date":"4/6/2015","price":"$499.14"},
{"id":230,"number":"61657-0955","customer":"Denise Adams","job":"programming","email":"dadams6d@com.com","status":"Completed","date":"1/10/2015","price":"$323.66"},
{"id":231,"number":"24286-1551","customer":"Raymond Freeman","job":"graphic design","email":"rfreeman6e@state.tx.us","status":"Completed","date":"3/31/2015","price":"$217.64"},
{"id":232,"number":"43772-0007","customer":"Raymond Holmes","job":"web design","email":"rholmes6f@java.com","status":"Completed","date":"8/24/2015","price":"$278.72"},
{"id":233,"number":"36987-1326","customer":"Alan Gomez","job":"branding","email":"agomez6g@list-manage.com","status":"New","date":"5/18/2015","price":"$348.75"},
{"id":234,"number":"0615-5536","customer":"Lois Hernandez","job":"SEO and SEM","email":"lhernandez6h@msu.edu","status":"Completed","date":"4/16/2015","price":"$473.62"},
{"id":235,"number":"63824-342","customer":"Terry Bell","job":"wordpress website","email":"tbell6i@printfriendly.com","status":"Completed","date":"7/22/2015","price":"$298.54"},
{"id":236,"number":"54868-5103","customer":"Scott Kim","job":"SEO and SEM","email":"skim6j@vk.com","status":"Completed","date":"6/26/2015","price":"$489.07"},
{"id":237,"number":"0409-7651","customer":"Juan Spencer","job":"wordpress website","email":"jspencer6k@istockphoto.com","status":"New","date":"7/31/2015","price":"$308.64"},
{"id":238,"number":"52533-029","customer":"Joan Lee","job":"graphic design","email":"jlee6l@people.com.cn","status":"Completed","date":"3/2/2015","price":"$189.25"},
{"id":239,"number":"21695-472","customer":"Evelyn Perry","job":"photoshop","email":"eperry6m@google.co.uk","status":"New","date":"1/4/2015","price":"$367.04"},
{"id":240,"number":"59279-530","customer":"Gerald Baker","job":"crm service","email":"gbaker6n@deliciousdays.com","status":"Completed","date":"11/12/2015","price":"$151.28"},
{"id":241,"number":"62750-005","customer":"Edward Richardson","job":"graphic design","email":"erichardson6o@engadget.com","status":"Completed","date":"11/25/2015","price":"$167.37"},
{"id":242,"number":"54868-5170","customer":"Jonathan Oliver","job":"graphic design","email":"joliver6p@friendfeed.com","status":"Completed","date":"9/4/2015","price":"$170.71"},
{"id":243,"number":"49349-954","customer":"Rose Ross","job":"photoshop","email":"rross6q@buzzfeed.com","status":"New","date":"6/17/2015","price":"$231.05"},
{"id":244,"number":"63304-694","customer":"Tammy Andrews","job":"crm service","email":"tandrews6r@feedburner.com","status":"Completed","date":"11/10/2015","price":"$226.38"},
{"id":245,"number":"49288-0424","customer":"Walter King","job":"graphic design","email":"wking6s@surveymonkey.com","status":"Completed","date":"8/21/2015","price":"$316.01"},
{"id":246,"number":"63824-285","customer":"Judy Gomez","job":"graphic design","email":"jgomez6t@youtube.com","status":"New","date":"5/22/2015","price":"$196.72"},
{"id":247,"number":"49698-300","customer":"Gerald Coleman","job":"logo design","email":"gcoleman6u@eventbrite.com","status":"New","date":"6/12/2015","price":"$489.02"},
{"id":248,"number":"52686-106","customer":"Catherine Brown","job":"php website","email":"cbrown6v@time.com","status":"Completed","date":"12/25/2014","price":"$468.86"},
{"id":249,"number":"63459-402","customer":"Juan Wallace","job":"crm service","email":"jwallace6w@utexas.edu","status":"Completed","date":"6/16/2015","price":"$396.52"},
{"id":250,"number":"10544-011","customer":"Brian Wells","job":"social media marketing","email":"bwells6x@e-recht24.de","status":"Completed","date":"8/14/2015","price":"$391.40"},
{"id":251,"number":"62584-984","customer":"Paul Daniels","job":"crm service","email":"pdaniels6y@geocities.com","status":"Completed","date":"1/11/2015","price":"$442.57"},
{"id":252,"number":"64942-0824","customer":"Earl Gray","job":"crm service","email":"egray6z@wix.com","status":"New","date":"11/1/2015","price":"$101.40"},
{"id":253,"number":"0173-0880","customer":"Norma Webb","job":"web design","email":"nwebb70@dot.gov","status":"Completed","date":"2/21/2015","price":"$189.87"},
{"id":254,"number":"0173-0859","customer":"Tina Long","job":"branding","email":"tlong71@reuters.com","status":"Completed","date":"8/4/2015","price":"$153.38"},
{"id":255,"number":"53807-197","customer":"Andrew Greene","job":"marketing","email":"agreene72@ow.ly","status":"New","date":"7/11/2015","price":"$412.59"},
{"id":256,"number":"0527-1311","customer":"Denise Dean","job":"branding","email":"ddean73@bluehost.com","status":"New","date":"11/24/2015","price":"$393.12"},
{"id":257,"number":"98132-704","customer":"Lawrence Franklin","job":"SEO and SEM","email":"lfranklin74@clickbank.net","status":"Completed","date":"7/20/2015","price":"$131.33"},
{"id":258,"number":"53145-047","customer":"Joseph Campbell","job":"php website","email":"jcampbell75@deliciousdays.com","status":"New","date":"11/16/2015","price":"$282.91"},
{"id":259,"number":"0093-7206","customer":"Billy Woods","job":"logo design","email":"bwoods76@noaa.gov","status":"New","date":"10/5/2015","price":"$416.54"},
{"id":260,"number":"44567-710","customer":"Jesse Dunn","job":"php website","email":"jdunn77@senate.gov","status":"New","date":"1/21/2015","price":"$352.48"},
{"id":261,"number":"46437-001","customer":"Samuel Miller","job":"social media marketing","email":"smiller78@wordpress.com","status":"Completed","date":"5/7/2015","price":"$393.89"},
{"id":262,"number":"49349-158","customer":"Heather Lopez","job":"logo design","email":"hlopez79@umich.edu","status":"New","date":"6/22/2015","price":"$218.63"},
{"id":263,"number":"0093-2047","customer":"Benjamin Wilson","job":"marketing","email":"bwilson7a@yelp.com","status":"Completed","date":"6/28/2015","price":"$299.64"},
{"id":264,"number":"58668-2641","customer":"Norma Hamilton","job":"marketing","email":"nhamilton7b@chronoengine.com","status":"Completed","date":"8/25/2015","price":"$266.97"},
{"id":265,"number":"51346-067","customer":"Lori Knight","job":"web design","email":"lknight7c@webmd.com","status":"New","date":"4/26/2015","price":"$423.64"},
{"id":266,"number":"66854-002","customer":"Craig Turner","job":"crm service","email":"cturner7d@smh.com.au","status":"New","date":"5/15/2015","price":"$250.24"},
{"id":267,"number":"37000-010","customer":"Shirley Gardner","job":"wordpress website","email":"sgardner7e@upenn.edu","status":"New","date":"12/18/2014","price":"$386.94"},
{"id":268,"number":"54569-0023","customer":"Carl Greene","job":"marketing","email":"cgreene7f@patch.com","status":"New","date":"7/27/2015","price":"$331.74"},
{"id":269,"number":"49817-0056","customer":"Bonnie Hughes","job":"wordpress website","email":"bhughes7g@bbb.org","status":"Completed","date":"4/24/2015","price":"$169.85"},
{"id":270,"number":"20703-003","customer":"Sarah Marshall","job":"logo design","email":"smarshall7h@discovery.com","status":"New","date":"1/23/2015","price":"$159.59"},
{"id":271,"number":"0781-2614","customer":"Lawrence Meyer","job":"web design","email":"lmeyer7i@ucoz.com","status":"Completed","date":"4/7/2015","price":"$448.92"},
{"id":272,"number":"54868-5788","customer":"Russell Stewart","job":"wordpress website","email":"rstewart7j@nasa.gov","status":"Completed","date":"2/26/2015","price":"$152.39"},
{"id":273,"number":"63691-013","customer":"Ernest Gordon","job":"logo design","email":"egordon7k@businesswire.com","status":"Completed","date":"1/14/2015","price":"$228.44"},
{"id":274,"number":"98132-303","customer":"Elizabeth Wilson","job":"crm service","email":"ewilson7l@hugedomains.com","status":"Completed","date":"6/9/2015","price":"$234.85"},
{"id":275,"number":"64679-982","customer":"Paula Day","job":"php website","email":"pday7m@mozilla.org","status":"Completed","date":"4/26/2015","price":"$362.40"},
{"id":276,"number":"22100-020","customer":"Jennifer Johnson","job":"graphic design","email":"jjohnson7n@geocities.com","status":"New","date":"2/14/2015","price":"$394.45"},
{"id":277,"number":"52686-286","customer":"Terry Howell","job":"photoshop","email":"thowell7o@dedecms.com","status":"Completed","date":"7/22/2015","price":"$374.58"},
{"id":278,"number":"68788-9394","customer":"Emily Elliott","job":"graphic design","email":"eelliott7p@walmart.com","status":"Completed","date":"11/23/2015","price":"$229.48"},
{"id":279,"number":"0268-0281","customer":"Keith Little","job":"photoshop","email":"klittle7q@domainmarket.com","status":"New","date":"1/22/2015","price":"$418.29"},
{"id":280,"number":"55648-716","customer":"Raymond Collins","job":"graphic design","email":"rcollins7r@youtu.be","status":"New","date":"7/27/2015","price":"$126.93"},
{"id":281,"number":"51009-106","customer":"Kathleen Hall","job":"logo design","email":"khall7s@hatena.ne.jp","status":"New","date":"6/30/2015","price":"$146.81"},
{"id":282,"number":"49580-0024","customer":"Janice Morgan","job":"marketing","email":"jmorgan7t@statcounter.com","status":"New","date":"9/3/2015","price":"$397.21"},
{"id":283,"number":"63736-594","customer":"Gregory James","job":"marketing","email":"gjames7u@wikia.com","status":"Completed","date":"4/17/2015","price":"$310.18"},
{"id":284,"number":"0135-0077","customer":"Albert Nelson","job":"php website","email":"anelson7v@drupal.org","status":"New","date":"7/9/2015","price":"$450.30"},
{"id":285,"number":"65580-645","customer":"Lawrence Ross","job":"programming","email":"lross7w@oracle.com","status":"New","date":"5/12/2015","price":"$381.64"},
{"id":286,"number":"33992-0373","customer":"Laura Perry","job":"php website","email":"lperry7x@reuters.com","status":"Completed","date":"11/30/2014","price":"$135.32"},
{"id":287,"number":"0591-2784","customer":"Andrew Evans","job":"wordpress website","email":"aevans7y@pcworld.com","status":"New","date":"7/15/2015","price":"$387.57"},
{"id":288,"number":"42361-039","customer":"Jose Spencer","job":"logo design","email":"jspencer7z@mit.edu","status":"New","date":"3/29/2015","price":"$360.84"},
{"id":289,"number":"51079-899","customer":"Debra Sanders","job":"logo design","email":"dsanders80@independent.co.uk","status":"Completed","date":"11/10/2015","price":"$491.16"},
{"id":290,"number":"0338-0709","customer":"Theresa Ryan","job":"social media marketing","email":"tryan81@telegraph.co.uk","status":"Completed","date":"6/13/2015","price":"$426.96"},
{"id":291,"number":"49349-954","customer":"Andrew Black","job":"web design","email":"ablack82@house.gov","status":"New","date":"9/25/2015","price":"$383.79"},
{"id":292,"number":"62856-280","customer":"Anthony Sanders","job":"SEO and SEM","email":"asanders83@furl.net","status":"New","date":"12/2/2014","price":"$485.66"},
{"id":293,"number":"53808-0842","customer":"Lisa Burton","job":"SEO and SEM","email":"lburton84@nifty.com","status":"Completed","date":"9/9/2015","price":"$462.06"},
{"id":294,"number":"68382-028","customer":"Julie Sanders","job":"social media marketing","email":"jsanders85@godaddy.com","status":"Completed","date":"10/1/2015","price":"$366.91"},
{"id":295,"number":"58394-022","customer":"Roy Schmidt","job":"programming","email":"rschmidt86@biglobe.ne.jp","status":"New","date":"3/10/2015","price":"$412.40"},
{"id":296,"number":"76329-3304","customer":"Benjamin Johnson","job":"crm service","email":"bjohnson87@google.co.jp","status":"New","date":"2/11/2015","price":"$327.39"},
{"id":297,"number":"0143-9673","customer":"Matthew Bowman","job":"wordpress website","email":"mbowman88@reference.com","status":"New","date":"7/22/2015","price":"$240.92"},
{"id":298,"number":"44924-101","customer":"Denise Hughes","job":"logo design","email":"dhughes89@goo.ne.jp","status":"New","date":"12/8/2014","price":"$279.71"},
{"id":299,"number":"54868-5770","customer":"Dennis Frazier","job":"branding","email":"dfrazier8a@latimes.com","status":"New","date":"1/27/2015","price":"$240.48"},
{"id":300,"number":"66184-115","customer":"David Hansen","job":"marketing","email":"dhansen8b@sun.com","status":"New","date":"11/11/2015","price":"$374.87"},
{"id":301,"number":"0054-0523","customer":"Marilyn Webb","job":"graphic design","email":"mwebb8c@odnoklassniki.ru","status":"Completed","date":"9/5/2015","price":"$455.20"},
{"id":302,"number":"54868-5587","customer":"Phyllis Bailey","job":"logo design","email":"pbailey8d@vistaprint.com","status":"Completed","date":"2/27/2015","price":"$405.25"},
{"id":303,"number":"61957-0906","customer":"Barbara Johnson","job":"branding","email":"bjohnson8e@qq.com","status":"New","date":"6/25/2015","price":"$286.64"},
{"id":304,"number":"0268-1215","customer":"Christina Russell","job":"crm service","email":"crussell8f@japanpost.jp","status":"New","date":"9/21/2015","price":"$109.31"},
{"id":305,"number":"0268-0958","customer":"Anna Stanley","job":"social media marketing","email":"astanley8g@bing.com","status":"New","date":"11/26/2015","price":"$282.88"},
{"id":306,"number":"55154-7717","customer":"Anthony Davis","job":"photoshop","email":"adavis8h@smh.com.au","status":"Completed","date":"4/8/2015","price":"$188.05"},
{"id":307,"number":"49349-315","customer":"Amy Nichols","job":"php website","email":"anichols8i@jugem.jp","status":"New","date":"6/20/2015","price":"$106.31"},
{"id":308,"number":"21695-303","customer":"Bruce Chapman","job":"photoshop","email":"bchapman8j@answers.com","status":"Completed","date":"4/30/2015","price":"$103.18"},
{"id":309,"number":"63323-693","customer":"Jonathan Alexander","job":"photoshop","email":"jalexander8k@bloomberg.com","status":"New","date":"11/8/2015","price":"$115.68"},
{"id":310,"number":"43406-0112","customer":"Ralph Olson","job":"marketing","email":"rolson8l@hatena.ne.jp","status":"Completed","date":"12/19/2014","price":"$493.87"},
{"id":311,"number":"42254-205","customer":"Thomas Simmons","job":"programming","email":"tsimmons8m@gmpg.org","status":"New","date":"6/6/2015","price":"$407.75"},
{"id":312,"number":"55714-2227","customer":"Joyce Lane","job":"crm service","email":"jlane8n@fc2.com","status":"New","date":"6/3/2015","price":"$322.77"},
{"id":313,"number":"55154-5454","customer":"Wanda Cook","job":"graphic design","email":"wcook8o@cam.ac.uk","status":"New","date":"8/22/2015","price":"$125.18"},
{"id":314,"number":"51808-208","customer":"Phillip Gilbert","job":"marketing","email":"pgilbert8p@spotify.com","status":"New","date":"7/17/2015","price":"$313.10"},
{"id":315,"number":"13107-122","customer":"Joan Nichols","job":"SEO and SEM","email":"jnichols8q@mail.ru","status":"New","date":"3/2/2015","price":"$203.23"},
{"id":316,"number":"64764-570","customer":"Roy Berry","job":"graphic design","email":"rberry8r@pcworld.com","status":"New","date":"6/29/2015","price":"$277.21"},
{"id":317,"number":"0378-3266","customer":"Amy Richards","job":"SEO and SEM","email":"arichards8s@washingtonpost.com","status":"Completed","date":"7/10/2015","price":"$135.21"},
{"id":318,"number":"49404-117","customer":"George Garcia","job":"SEO and SEM","email":"ggarcia8t@lulu.com","status":"New","date":"5/3/2015","price":"$153.54"},
{"id":319,"number":"0078-0311","customer":"Walter Miller","job":"marketing","email":"wmiller8u@blinklist.com","status":"Completed","date":"9/22/2015","price":"$101.70"},
{"id":320,"number":"68084-497","customer":"Janet Lawrence","job":"graphic design","email":"jlawrence8v@booking.com","status":"New","date":"6/7/2015","price":"$106.92"},
{"id":321,"number":"36987-2544","customer":"Ryan Collins","job":"php website","email":"rcollins8w@apple.com","status":"New","date":"11/12/2015","price":"$333.39"},
{"id":322,"number":"21695-945","customer":"Sharon Wells","job":"marketing","email":"swells8x@cbsnews.com","status":"New","date":"7/6/2015","price":"$249.06"},
{"id":323,"number":"33261-658","customer":"Kathleen Wilson","job":"wordpress website","email":"kwilson8y@freewebs.com","status":"Completed","date":"10/26/2015","price":"$482.62"},
{"id":324,"number":"0093-0051","customer":"Juan Roberts","job":"marketing","email":"jroberts8z@bbc.co.uk","status":"Completed","date":"7/31/2015","price":"$258.68"},
{"id":325,"number":"67457-494","customer":"Janice Peterson","job":"programming","email":"jpeterson90@gnu.org","status":"New","date":"7/31/2015","price":"$158.02"},
{"id":326,"number":"65692-0263","customer":"Andrea Chapman","job":"branding","email":"achapman91@bluehost.com","status":"Completed","date":"4/9/2015","price":"$417.44"},
{"id":327,"number":"58484-100","customer":"Catherine Gordon","job":"SEO and SEM","email":"cgordon92@cbsnews.com","status":"New","date":"7/13/2015","price":"$260.90"},
{"id":328,"number":"49371-047","customer":"Lois Jones","job":"photoshop","email":"ljones93@blog.com","status":"Completed","date":"10/15/2015","price":"$169.94"},
{"id":329,"number":"59762-6691","customer":"Dorothy Bowman","job":"graphic design","email":"dbowman94@imageshack.us","status":"New","date":"1/14/2015","price":"$431.55"},
{"id":330,"number":"49349-469","customer":"Alan Garrett","job":"crm service","email":"agarrett95@europa.eu","status":"New","date":"1/26/2015","price":"$215.73"},
{"id":331,"number":"21695-572","customer":"Norma Richards","job":"logo design","email":"nrichards96@epa.gov","status":"Completed","date":"3/17/2015","price":"$374.70"},
{"id":332,"number":"41163-400","customer":"Catherine Simmons","job":"programming","email":"csimmons97@psu.edu","status":"New","date":"2/12/2015","price":"$180.78"},
{"id":333,"number":"15828-400","customer":"Antonio Mason","job":"SEO and SEM","email":"amason98@narod.ru","status":"New","date":"11/4/2015","price":"$267.65"},
{"id":334,"number":"62699-2212","customer":"Lori Bowman","job":"web design","email":"lbowman99@wikia.com","status":"New","date":"12/20/2014","price":"$420.35"},
{"id":335,"number":"66715-9745","customer":"Denise Marshall","job":"crm service","email":"dmarshall9a@dailymotion.com","status":"New","date":"1/13/2015","price":"$351.51"},
{"id":336,"number":"68196-329","customer":"Elizabeth Reynolds","job":"graphic design","email":"ereynolds9b@delicious.com","status":"Completed","date":"6/26/2015","price":"$399.01"},
{"id":337,"number":"52584-196","customer":"Diana Alvarez","job":"web design","email":"dalvarez9c@hao123.com","status":"Completed","date":"2/28/2015","price":"$297.06"},
{"id":338,"number":"0378-2100","customer":"Jeremy Russell","job":"web design","email":"jrussell9d@creativecommons.org","status":"New","date":"8/8/2015","price":"$244.77"},
{"id":339,"number":"64376-630","customer":"Helen Long","job":"logo design","email":"hlong9e@wix.com","status":"Completed","date":"1/13/2015","price":"$447.98"},
{"id":340,"number":"54868-5417","customer":"Fred Porter","job":"logo design","email":"fporter9f@delicious.com","status":"New","date":"2/27/2015","price":"$181.12"},
{"id":341,"number":"61957-0124","customer":"Frank Weaver","job":"SEO and SEM","email":"fweaver9g@bandcamp.com","status":"Completed","date":"12/17/2014","price":"$124.30"},
{"id":342,"number":"63481-439","customer":"Stephen Knight","job":"photoshop","email":"sknight9h@amazon.co.jp","status":"New","date":"12/14/2014","price":"$379.21"},
{"id":343,"number":"0228-2027","customer":"Jason Bailey","job":"crm service","email":"jbailey9i@wordpress.com","status":"Completed","date":"11/22/2015","price":"$373.92"},
{"id":344,"number":"64679-557","customer":"Matthew Mills","job":"programming","email":"mmills9j@patch.com","status":"Completed","date":"6/23/2015","price":"$251.74"},
{"id":345,"number":"63629-4125","customer":"Sharon Cunningham","job":"php website","email":"scunningham9k@ebay.com","status":"Completed","date":"10/22/2015","price":"$117.67"},
{"id":346,"number":"11673-300","customer":"Nicholas Ramos","job":"crm service","email":"nramos9l@reddit.com","status":"New","date":"6/27/2015","price":"$376.04"},
{"id":347,"number":"53329-813","customer":"Jacqueline Myers","job":"wordpress website","email":"jmyers9m@google.fr","status":"New","date":"10/16/2015","price":"$340.63"},
{"id":348,"number":"21695-777","customer":"Linda Snyder","job":"branding","email":"lsnyder9n@craigslist.org","status":"Completed","date":"12/4/2014","price":"$396.80"},
{"id":349,"number":"0603-1588","customer":"Barbara Sullivan","job":"social media marketing","email":"bsullivan9o@nytimes.com","status":"Completed","date":"11/14/2015","price":"$284.04"},
{"id":350,"number":"59762-5016","customer":"Steven Watkins","job":"photoshop","email":"swatkins9p@google.nl","status":"Completed","date":"8/3/2015","price":"$347.43"},
{"id":351,"number":"16590-191","customer":"Evelyn Marshall","job":"social media marketing","email":"emarshall9q@hud.gov","status":"Completed","date":"6/17/2015","price":"$155.50"},
{"id":352,"number":"68703-003","customer":"Craig Hanson","job":"wordpress website","email":"chanson9r@ibm.com","status":"New","date":"11/5/2015","price":"$114.29"},
{"id":353,"number":"23155-026","customer":"John Henderson","job":"programming","email":"jhenderson9s@blog.com","status":"Completed","date":"7/2/2015","price":"$401.57"},
{"id":354,"number":"63868-549","customer":"Michael Cox","job":"logo design","email":"mcox9t@mysql.com","status":"New","date":"9/14/2015","price":"$262.35"},
{"id":355,"number":"0378-1705","customer":"Lawrence Bishop","job":"branding","email":"lbishop9u@nps.gov","status":"New","date":"1/11/2015","price":"$308.38"},
{"id":356,"number":"16477-106","customer":"Janice Welch","job":"SEO and SEM","email":"jwelch9v@paypal.com","status":"Completed","date":"6/14/2015","price":"$230.74"},
{"id":357,"number":"65365-001","customer":"Tina Grant","job":"branding","email":"tgrant9w@squidoo.com","status":"New","date":"7/3/2015","price":"$364.43"},
{"id":358,"number":"37000-230","customer":"Diane Gibson","job":"social media marketing","email":"dgibson9x@toplist.cz","status":"Completed","date":"1/4/2015","price":"$246.94"},
{"id":359,"number":"0268-6689","customer":"Eugene Ford","job":"programming","email":"eford9y@abc.net.au","status":"New","date":"6/12/2015","price":"$471.63"},
{"id":360,"number":"0703-2823","customer":"Kevin Ross","job":"php website","email":"kross9z@smugmug.com","status":"Completed","date":"7/18/2015","price":"$439.41"},
{"id":361,"number":"0168-0071","customer":"Frank Howell","job":"programming","email":"fhowella0@psu.edu","status":"New","date":"7/15/2015","price":"$450.13"},
{"id":362,"number":"49527-992","customer":"Scott Lawrence","job":"graphic design","email":"slawrencea1@answers.com","status":"Completed","date":"9/20/2015","price":"$335.87"},
{"id":363,"number":"58232-0504","customer":"Ralph Pierce","job":"marketing","email":"rpiercea2@tumblr.com","status":"New","date":"8/19/2015","price":"$276.75"},
{"id":364,"number":"65162-101","customer":"Ashley Ray","job":"web design","email":"araya3@nature.com","status":"Completed","date":"11/26/2015","price":"$493.34"},
{"id":365,"number":"52125-199","customer":"Kevin Sanchez","job":"php website","email":"ksancheza4@alibaba.com","status":"Completed","date":"12/16/2014","price":"$460.85"},
{"id":366,"number":"0363-0304","customer":"Alice Russell","job":"marketing","email":"arussella5@naver.com","status":"New","date":"5/18/2015","price":"$263.96"},
{"id":367,"number":"15127-877","customer":"Cheryl Mason","job":"branding","email":"cmasona6@cmu.edu","status":"Completed","date":"12/21/2014","price":"$368.25"},
{"id":368,"number":"49614-142","customer":"Tina Sims","job":"marketing","email":"tsimsa7@yahoo.com","status":"Completed","date":"7/18/2015","price":"$240.17"},
{"id":369,"number":"53808-0612","customer":"Amanda Moreno","job":"SEO and SEM","email":"amorenoa8@geocities.jp","status":"Completed","date":"1/19/2015","price":"$236.24"},
{"id":370,"number":"52083-623","customer":"Teresa Vasquez","job":"programming","email":"tvasqueza9@nba.com","status":"New","date":"4/5/2015","price":"$199.27"},
{"id":371,"number":"68703-035","customer":"Katherine Day","job":"graphic design","email":"kdayaa@forbes.com","status":"New","date":"10/16/2015","price":"$159.57"},
{"id":372,"number":"67046-674","customer":"Amanda Diaz","job":"graphic design","email":"adiazab@techcrunch.com","status":"Completed","date":"7/3/2015","price":"$283.63"},
{"id":373,"number":"55312-214","customer":"Phillip Dean","job":"branding","email":"pdeanac@google.ru","status":"New","date":"9/12/2015","price":"$133.32"},
{"id":374,"number":"53208-447","customer":"Melissa Kelley","job":"php website","email":"mkelleyad@nasa.gov","status":"New","date":"6/7/2015","price":"$271.74"},
{"id":375,"number":"63187-006","customer":"Rose Fernandez","job":"photoshop","email":"rfernandezae@cyberchimps.com","status":"Completed","date":"11/20/2015","price":"$218.74"},
{"id":376,"number":"63739-559","customer":"Craig Hernandez","job":"php website","email":"chernandezaf@godaddy.com","status":"New","date":"10/4/2015","price":"$189.08"},
{"id":377,"number":"68828-182","customer":"Paula Bell","job":"SEO and SEM","email":"pbellag@smugmug.com","status":"New","date":"4/18/2015","price":"$192.82"},
{"id":378,"number":"51769-412","customer":"John Bell","job":"graphic design","email":"jbellah@time.com","status":"New","date":"2/5/2015","price":"$238.18"},
{"id":379,"number":"65954-372","customer":"Jesse Bowman","job":"wordpress website","email":"jbowmanai@shinystat.com","status":"Completed","date":"6/29/2015","price":"$309.61"},
{"id":380,"number":"51079-631","customer":"Dorothy Miller","job":"SEO and SEM","email":"dmilleraj@delicious.com","status":"Completed","date":"5/1/2015","price":"$482.13"},
{"id":381,"number":"0087-6070","customer":"Todd Miller","job":"SEO and SEM","email":"tmillerak@cnn.com","status":"New","date":"3/7/2015","price":"$267.11"},
{"id":382,"number":"36800-479","customer":"Bobby Howell","job":"social media marketing","email":"bhowellal@thetimes.co.uk","status":"Completed","date":"8/22/2015","price":"$221.86"},
{"id":383,"number":"55319-502","customer":"Peter Perez","job":"SEO and SEM","email":"pperezam@indiegogo.com","status":"Completed","date":"9/16/2015","price":"$224.61"},
{"id":384,"number":"41250-977","customer":"Pamela Bell","job":"programming","email":"pbellan@surveymonkey.com","status":"Completed","date":"12/11/2014","price":"$370.62"},
{"id":385,"number":"24236-945","customer":"Jane Matthews","job":"php website","email":"jmatthewsao@pcworld.com","status":"Completed","date":"7/12/2015","price":"$324.55"},
{"id":386,"number":"13630-0055","customer":"Marilyn Scott","job":"wordpress website","email":"mscottap@multiply.com","status":"New","date":"12/13/2014","price":"$238.58"},
{"id":387,"number":"49693-1604","customer":"Raymond Ross","job":"graphic design","email":"rrossaq@omniture.com","status":"Completed","date":"5/30/2015","price":"$369.19"},
{"id":388,"number":"40057-3000","customer":"Tammy Black","job":"php website","email":"tblackar@ibm.com","status":"New","date":"4/7/2015","price":"$100.99"},
{"id":389,"number":"67938-2003","customer":"Chris Parker","job":"web design","email":"cparkeras@pagesperso-orange.fr","status":"New","date":"12/28/2014","price":"$125.46"},
{"id":390,"number":"10370-175","customer":"Jerry Williamson","job":"php website","email":"jwilliamsonat@freewebs.com","status":"Completed","date":"2/6/2015","price":"$449.28"},
{"id":391,"number":"0093-8523","customer":"Rose Hart","job":"crm service","email":"rhartau@jimdo.com","status":"New","date":"5/21/2015","price":"$175.44"},
{"id":392,"number":"55154-5397","customer":"Katherine Ortiz","job":"photoshop","email":"kortizav@amazon.com","status":"New","date":"2/18/2015","price":"$374.58"},
{"id":393,"number":"16729-168","customer":"Billy Sullivan","job":"photoshop","email":"bsullivanaw@posterous.com","status":"Completed","date":"8/2/2015","price":"$486.91"},
{"id":394,"number":"51672-1290","customer":"Wanda Vasquez","job":"branding","email":"wvasquezax@unblog.fr","status":"New","date":"6/12/2015","price":"$431.65"},
{"id":395,"number":"67544-982","customer":"Russell Miller","job":"branding","email":"rmilleray@123-reg.co.uk","status":"New","date":"5/30/2015","price":"$169.17"},
{"id":396,"number":"49299-1091","customer":"Jason Adams","job":"web design","email":"jadamsaz@alibaba.com","status":"New","date":"4/19/2015","price":"$236.97"},
{"id":397,"number":"16590-595","customer":"Diane Hill","job":"photoshop","email":"dhillb0@cam.ac.uk","status":"Completed","date":"1/10/2015","price":"$293.91"},
{"id":398,"number":"70253-199","customer":"Evelyn Gordon","job":"branding","email":"egordonb1@cnbc.com","status":"Completed","date":"1/5/2015","price":"$327.41"},
{"id":399,"number":"10337-062","customer":"Tammy Bryant","job":"wordpress website","email":"tbryantb2@google.es","status":"New","date":"5/15/2015","price":"$168.33"},
{"id":400,"number":"32909-770","customer":"Jane Palmer","job":"php website","email":"jpalmerb3@admin.ch","status":"Completed","date":"4/26/2015","price":"$465.06"},
{"id":401,"number":"0264-3123","customer":"Larry Gordon","job":"social media marketing","email":"lgordonb4@dell.com","status":"Completed","date":"8/12/2015","price":"$307.59"},
{"id":402,"number":"0781-5515","customer":"Judy Gibson","job":"web design","email":"jgibsonb5@google.nl","status":"Completed","date":"10/21/2015","price":"$347.57"},
{"id":403,"number":"52584-475","customer":"Alice Gomez","job":"SEO and SEM","email":"agomezb6@ifeng.com","status":"New","date":"5/27/2015","price":"$483.26"},
{"id":404,"number":"30142-166","customer":"Joyce Butler","job":"branding","email":"jbutlerb7@goo.gl","status":"New","date":"3/17/2015","price":"$156.19"},
{"id":405,"number":"50436-9802","customer":"Julie Austin","job":"photoshop","email":"jaustinb8@jugem.jp","status":"New","date":"6/3/2015","price":"$445.95"},
{"id":406,"number":"57896-624","customer":"Elizabeth Ramos","job":"graphic design","email":"eramosb9@mac.com","status":"Completed","date":"4/6/2015","price":"$495.94"},
{"id":407,"number":"0179-0093","customer":"Jane Patterson","job":"crm service","email":"jpattersonba@storify.com","status":"Completed","date":"1/24/2015","price":"$282.53"},
{"id":408,"number":"0074-3457","customer":"Christina Harrison","job":"marketing","email":"charrisonbb@businessweek.com","status":"Completed","date":"12/27/2014","price":"$323.97"},
{"id":409,"number":"54868-4791","customer":"Louis Andrews","job":"logo design","email":"landrewsbc@drupal.org","status":"New","date":"4/30/2015","price":"$397.92"},
{"id":410,"number":"61715-047","customer":"Douglas George","job":"crm service","email":"dgeorgebd@japanpost.jp","status":"New","date":"3/22/2015","price":"$448.80"},
{"id":411,"number":"67544-078","customer":"Evelyn Garza","job":"graphic design","email":"egarzabe@tuttocitta.it","status":"Completed","date":"10/6/2015","price":"$189.02"},
{"id":412,"number":"48951-8217","customer":"Ashley Burke","job":"web design","email":"aburkebf@narod.ru","status":"Completed","date":"11/12/2015","price":"$413.93"},
{"id":413,"number":"47593-501","customer":"Benjamin Perry","job":"logo design","email":"bperrybg@salon.com","status":"Completed","date":"1/17/2015","price":"$498.31"},
{"id":414,"number":"59262-240","customer":"Joseph Turner","job":"php website","email":"jturnerbh@yale.edu","status":"New","date":"9/7/2015","price":"$215.30"},
{"id":415,"number":"0268-6309","customer":"Betty Ramirez","job":"logo design","email":"bramirezbi@pinterest.com","status":"New","date":"4/13/2015","price":"$130.51"},
{"id":416,"number":"0904-5098","customer":"Phillip Shaw","job":"photoshop","email":"pshawbj@narod.ru","status":"New","date":"6/11/2015","price":"$263.25"},
{"id":417,"number":"61722-002","customer":"Keith George","job":"wordpress website","email":"kgeorgebk@newyorker.com","status":"Completed","date":"11/2/2015","price":"$116.40"},
{"id":418,"number":"17518-060","customer":"Mark Wright","job":"SEO and SEM","email":"mwrightbl@qq.com","status":"New","date":"11/13/2015","price":"$134.07"},
{"id":419,"number":"0268-6728","customer":"Donna James","job":"programming","email":"djamesbm@tamu.edu","status":"Completed","date":"11/20/2015","price":"$132.90"},
{"id":420,"number":"21695-902","customer":"John Carpenter","job":"logo design","email":"jcarpenterbn@php.net","status":"New","date":"7/30/2015","price":"$191.51"},
{"id":421,"number":"65517-0029","customer":"Teresa Jacobs","job":"SEO and SEM","email":"tjacobsbo@xinhuanet.com","status":"New","date":"7/3/2015","price":"$295.72"},
{"id":422,"number":"54868-0283","customer":"Bonnie Murphy","job":"logo design","email":"bmurphybp@thetimes.co.uk","status":"New","date":"3/16/2015","price":"$104.66"},
{"id":423,"number":"50387-300","customer":"Linda Sanchez","job":"programming","email":"lsanchezbq@wikia.com","status":"New","date":"3/30/2015","price":"$172.72"},
{"id":424,"number":"21695-617","customer":"Mark Gomez","job":"SEO and SEM","email":"mgomezbr@tripod.com","status":"Completed","date":"8/31/2015","price":"$125.18"},
{"id":425,"number":"68084-480","customer":"Deborah Hayes","job":"crm service","email":"dhayesbs@arizona.edu","status":"New","date":"8/7/2015","price":"$459.33"},
{"id":426,"number":"57520-0330","customer":"Laura Ward","job":"marketing","email":"lwardbt@auda.org.au","status":"Completed","date":"2/16/2015","price":"$260.96"},
{"id":427,"number":"0781-3188","customer":"Ralph Stevens","job":"wordpress website","email":"rstevensbu@skyrock.com","status":"Completed","date":"1/27/2015","price":"$490.11"},
{"id":428,"number":"56062-294","customer":"Emily Cook","job":"branding","email":"ecookbv@reddit.com","status":"New","date":"2/6/2015","price":"$190.10"},
{"id":429,"number":"58232-0025","customer":"Joe Meyer","job":"SEO and SEM","email":"jmeyerbw@state.gov","status":"New","date":"10/22/2015","price":"$185.00"},
{"id":430,"number":"0268-1087","customer":"Kevin Webb","job":"logo design","email":"kwebbbx@mtv.com","status":"New","date":"11/9/2015","price":"$259.55"},
{"id":431,"number":"63323-385","customer":"Aaron Williamson","job":"SEO and SEM","email":"awilliamsonby@booking.com","status":"Completed","date":"2/15/2015","price":"$346.14"},
{"id":432,"number":"55154-2176","customer":"Albert Ferguson","job":"social media marketing","email":"afergusonbz@thetimes.co.uk","status":"Completed","date":"3/18/2015","price":"$347.73"},
{"id":433,"number":"0517-0750","customer":"Sandra Roberts","job":"marketing","email":"srobertsc0@pinterest.com","status":"Completed","date":"11/27/2015","price":"$163.80"},
{"id":434,"number":"36987-3256","customer":"Billy Cruz","job":"web design","email":"bcruzc1@vimeo.com","status":"Completed","date":"11/19/2015","price":"$104.07"},
{"id":435,"number":"27190-100","customer":"Henry Larson","job":"branding","email":"hlarsonc2@cafepress.com","status":"New","date":"2/12/2015","price":"$260.65"},
{"id":436,"number":"57955-5061","customer":"Alice Fields","job":"wordpress website","email":"afieldsc3@instagram.com","status":"Completed","date":"9/29/2015","price":"$411.69"},
{"id":437,"number":"0781-2227","customer":"Sharon Powell","job":"photoshop","email":"spowellc4@gravatar.com","status":"Completed","date":"1/11/2015","price":"$440.67"},
{"id":438,"number":"0904-6235","customer":"Ernest Hernandez","job":"web design","email":"ehernandezc5@ucoz.com","status":"New","date":"5/29/2015","price":"$108.01"},
{"id":439,"number":"98132-735","customer":"Jennifer Ward","job":"wordpress website","email":"jwardc6@businessweek.com","status":"New","date":"11/2/2015","price":"$285.61"},
{"id":440,"number":"0603-5688","customer":"Henry Ramirez","job":"marketing","email":"hramirezc7@go.com","status":"Completed","date":"6/10/2015","price":"$340.86"},
{"id":441,"number":"52305-200","customer":"Ashley Palmer","job":"web design","email":"apalmerc8@dedecms.com","status":"New","date":"11/18/2015","price":"$167.47"},
{"id":442,"number":"0409-7419","customer":"Diana Vasquez","job":"web design","email":"dvasquezc9@usda.gov","status":"New","date":"3/22/2015","price":"$415.73"},
{"id":443,"number":"63941-124","customer":"Mark Taylor","job":"logo design","email":"mtaylorca@dell.com","status":"New","date":"8/16/2015","price":"$397.92"},
{"id":444,"number":"68016-200","customer":"Gerald Harrison","job":"graphic design","email":"gharrisoncb@amazonaws.com","status":"Completed","date":"3/29/2015","price":"$270.28"},
{"id":445,"number":"67938-1396","customer":"Anthony Washington","job":"php website","email":"awashingtoncc@apache.org","status":"New","date":"8/9/2015","price":"$287.06"},
{"id":446,"number":"64117-303","customer":"Pamela Oliver","job":"web design","email":"polivercd@wiley.com","status":"New","date":"2/2/2015","price":"$174.06"},
{"id":447,"number":"54868-4761","customer":"David Grant","job":"logo design","email":"dgrantce@cnet.com","status":"New","date":"3/20/2015","price":"$230.58"},
{"id":448,"number":"53346-1311","customer":"James Lee","job":"marketing","email":"jleecf@tinyurl.com","status":"New","date":"8/5/2015","price":"$176.43"},
{"id":449,"number":"58118-1115","customer":"Paula Andrews","job":"marketing","email":"pandrewscg@constantcontact.com","status":"Completed","date":"4/19/2015","price":"$440.71"},
{"id":450,"number":"51096-0001","customer":"Sara Phillips","job":"photoshop","email":"sphillipsch@freewebs.com","status":"Completed","date":"10/12/2015","price":"$423.61"},
{"id":451,"number":"60505-0363","customer":"Adam Kim","job":"programming","email":"akimci@shop-pro.jp","status":"New","date":"7/7/2015","price":"$239.97"},
{"id":452,"number":"55714-4529","customer":"Lawrence Myers","job":"programming","email":"lmyerscj@yahoo.co.jp","status":"Completed","date":"2/10/2015","price":"$381.95"},
{"id":453,"number":"63629-1248","customer":"Benjamin Meyer","job":"graphic design","email":"bmeyerck@ucla.edu","status":"New","date":"1/14/2015","price":"$465.85"},
{"id":454,"number":"68428-086","customer":"Gerald Grant","job":"marketing","email":"ggrantcl@addtoany.com","status":"New","date":"11/9/2015","price":"$489.49"},
{"id":455,"number":"53389-130","customer":"Ruth Gilbert","job":"branding","email":"rgilbertcm@wikimedia.org","status":"New","date":"3/26/2015","price":"$213.04"},
{"id":456,"number":"36987-2288","customer":"Sean Myers","job":"photoshop","email":"smyerscn@samsung.com","status":"New","date":"5/12/2015","price":"$447.44"},
{"id":457,"number":"60681-5304","customer":"Peter Reed","job":"branding","email":"preedco@cpanel.net","status":"Completed","date":"12/3/2014","price":"$128.54"},
{"id":458,"number":"0268-1172","customer":"Kimberly Jackson","job":"logo design","email":"kjacksoncp@example.com","status":"New","date":"5/18/2015","price":"$317.46"},
{"id":459,"number":"53113-216","customer":"Dorothy Lynch","job":"graphic design","email":"dlynchcq@typepad.com","status":"Completed","date":"2/8/2015","price":"$127.31"},
{"id":460,"number":"24236-493","customer":"Steve Young","job":"marketing","email":"syoungcr@usgs.gov","status":"New","date":"6/30/2015","price":"$294.58"},
{"id":461,"number":"54476-100","customer":"Melissa Brown","job":"SEO and SEM","email":"mbrowncs@acquirethisname.com","status":"Completed","date":"10/2/2015","price":"$293.81"},
{"id":462,"number":"0113-0014","customer":"Joshua Cooper","job":"wordpress website","email":"jcooperct@t-online.de","status":"New","date":"2/17/2015","price":"$481.09"},
{"id":463,"number":"55316-169","customer":"Stephen Larson","job":"social media marketing","email":"slarsoncu@gmpg.org","status":"Completed","date":"5/24/2015","price":"$247.48"},
{"id":464,"number":"15127-874","customer":"Annie Evans","job":"php website","email":"aevanscv@tamu.edu","status":"Completed","date":"1/5/2015","price":"$371.32"},
{"id":465,"number":"0069-4037","customer":"Shirley Franklin","job":"crm service","email":"sfranklincw@cnbc.com","status":"New","date":"8/5/2015","price":"$168.98"},
{"id":466,"number":"66220-160","customer":"Matthew Green","job":"crm service","email":"mgreencx@php.net","status":"New","date":"8/11/2015","price":"$206.61"},
{"id":467,"number":"0591-3214","customer":"Julia Ortiz","job":"web design","email":"jortizcy@nba.com","status":"New","date":"11/16/2015","price":"$369.66"},
{"id":468,"number":"55910-112","customer":"Kenneth Kelly","job":"crm service","email":"kkellycz@diigo.com","status":"Completed","date":"10/13/2015","price":"$470.76"},
{"id":469,"number":"36987-1163","customer":"Jeremy Hunt","job":"web design","email":"jhuntd0@shutterfly.com","status":"New","date":"7/12/2015","price":"$288.39"},
{"id":470,"number":"59667-0012","customer":"Todd Wallace","job":"graphic design","email":"twallaced1@illinois.edu","status":"Completed","date":"1/27/2015","price":"$186.84"},
{"id":471,"number":"0409-7930","customer":"Jacqueline Green","job":"graphic design","email":"jgreend2@msu.edu","status":"New","date":"12/24/2014","price":"$140.84"},
{"id":472,"number":"43353-178","customer":"Brandon Turner","job":"logo design","email":"bturnerd3@blinklist.com","status":"Completed","date":"4/20/2015","price":"$155.39"},
{"id":473,"number":"67938-1391","customer":"Roy Alexander","job":"marketing","email":"ralexanderd4@pcworld.com","status":"Completed","date":"7/27/2015","price":"$374.67"},
{"id":474,"number":"79596-090","customer":"Andrew Stephens","job":"photoshop","email":"astephensd5@facebook.com","status":"Completed","date":"3/14/2015","price":"$440.43"},
{"id":475,"number":"49288-0581","customer":"Gloria Kim","job":"programming","email":"gkimd6@typepad.com","status":"New","date":"5/27/2015","price":"$490.64"},
{"id":476,"number":"55714-4591","customer":"Wayne Larson","job":"graphic design","email":"wlarsond7@earthlink.net","status":"New","date":"12/2/2014","price":"$246.11"},
{"id":477,"number":"55118-610","customer":"Donald Shaw","job":"SEO and SEM","email":"dshawd8@forbes.com","status":"New","date":"1/5/2015","price":"$170.10"},
{"id":478,"number":"0186-6020","customer":"Laura Snyder","job":"logo design","email":"lsnyderd9@cdbaby.com","status":"Completed","date":"12/14/2014","price":"$201.15"},
{"id":479,"number":"0135-0552","customer":"Carol Stewart","job":"logo design","email":"cstewartda@sciencedaily.com","status":"New","date":"9/27/2015","price":"$279.12"},
{"id":480,"number":"68387-900","customer":"Gary Turner","job":"wordpress website","email":"gturnerdb@umn.edu","status":"New","date":"11/28/2015","price":"$319.90"},
{"id":481,"number":"49967-980","customer":"Wanda Tucker","job":"branding","email":"wtuckerdc@gmpg.org","status":"Completed","date":"12/27/2014","price":"$309.64"},
{"id":482,"number":"59667-0067","customer":"Peter Walker","job":"photoshop","email":"pwalkerdd@gravatar.com","status":"New","date":"5/3/2015","price":"$446.36"},
{"id":483,"number":"0009-3475","customer":"Robert Olson","job":"marketing","email":"rolsonde@dropbox.com","status":"Completed","date":"11/22/2015","price":"$171.29"},
{"id":484,"number":"24208-830","customer":"Stephanie Wheeler","job":"php website","email":"swheelerdf@t-online.de","status":"New","date":"4/10/2015","price":"$396.29"},
{"id":485,"number":"0591-0885","customer":"Margaret Garcia","job":"php website","email":"mgarciadg@dmoz.org","status":"New","date":"9/8/2015","price":"$127.44"},
{"id":486,"number":"53270-3100","customer":"Juan Sullivan","job":"photoshop","email":"jsullivandh@chron.com","status":"Completed","date":"4/10/2015","price":"$118.71"},
{"id":487,"number":"30727-339","customer":"Bonnie Fuller","job":"wordpress website","email":"bfullerdi@un.org","status":"Completed","date":"5/18/2015","price":"$313.92"},
{"id":488,"number":"51862-152","customer":"Ashley Kelley","job":"marketing","email":"akelleydj@cloudflare.com","status":"New","date":"6/3/2015","price":"$156.45"},
{"id":489,"number":"0615-7667","customer":"Norma Fowler","job":"logo design","email":"nfowlerdk@infoseek.co.jp","status":"New","date":"9/19/2015","price":"$189.12"},
{"id":490,"number":"49953-2801","customer":"William Simmons","job":"graphic design","email":"wsimmonsdl@tinypic.com","status":"New","date":"7/22/2015","price":"$167.72"},
{"id":491,"number":"36987-2618","customer":"Aaron Bishop","job":"social media marketing","email":"abishopdm@php.net","status":"Completed","date":"12/26/2014","price":"$295.14"},
{"id":492,"number":"52915-010","customer":"Diane Webb","job":"programming","email":"dwebbdn@globo.com","status":"Completed","date":"6/9/2015","price":"$150.88"},
{"id":493,"number":"51285-080","customer":"Lois Cox","job":"wordpress website","email":"lcoxdo@webs.com","status":"New","date":"7/17/2015","price":"$342.97"},
{"id":494,"number":"0126-0131","customer":"Sean Harrison","job":"logo design","email":"sharrisondp@1688.com","status":"Completed","date":"10/11/2015","price":"$410.45"},
{"id":495,"number":"68258-7001","customer":"Nicole Palmer","job":"programming","email":"npalmerdq@independent.co.uk","status":"New","date":"1/5/2015","price":"$150.40"},
{"id":496,"number":"52919-161","customer":"Russell Griffin","job":"programming","email":"rgriffindr@wikipedia.org","status":"New","date":"7/1/2015","price":"$161.83"},
{"id":497,"number":"52773-237","customer":"Joyce Holmes","job":"php website","email":"jholmesds@gmpg.org","status":"New","date":"8/15/2015","price":"$425.47"},
{"id":498,"number":"43353-800","customer":"Edward Bryant","job":"social media marketing","email":"ebryantdt@bbc.co.uk","status":"New","date":"12/24/2014","price":"$460.20"},
{"id":499,"number":"50405-001","customer":"Roy Fuller","job":"logo design","email":"rfullerdu@techcrunch.com","status":"Completed","date":"11/8/2015","price":"$129.67"},
{"id":500,"number":"0409-6727","customer":"Lisa Howard","job":"marketing","email":"lhowarddv@wp.com","status":"Completed","date":"8/1/2015","price":"$475.58"}]
}