{ "aaData": 

[{"id":1,"number":"0054-0079","customer":"Gregory Perkins","product":"If You Wait","email":"gperkins0@1688.com","status":"Completed","date":"9/27/2015","price":"$368.79"},
{"id":2,"number":"51672-1330","customer":"John Stewart","product":"Leica T Mirrorless Digital Camera","email":"jstewart1@who.int","status":"Completed","date":"2/17/2015","price":"$422.44"},
{"id":3,"number":"41250-742","customer":"Donald Reed","product":"Custom T-Shirt","email":"dreed2@mlb.com","status":"Completed","date":"10/10/2015","price":"$412.17"},
{"id":4,"number":"65044-1788","customer":"Dennis Garza","product":"Nikon D5500 DSLR - Black","email":"dgarza3@state.tx.us","status":"New","date":"7/19/2015","price":"$471.68"},
{"id":5,"number":"41163-445","customer":"Craig Elliott","product":"Night Visions","email":"celliott4@canalblog.com","status":"Completed","date":"1/31/2015","price":"$208.23"},
{"id":6,"number":"40076-051","customer":"Debra Hansen","product":"Flower Girl Bracelet","email":"dhansen5@twitter.com","status":"Completed","date":"10/15/2015","price":"$266.63"},
{"id":7,"number":"53746-254","customer":"Rebecca Fields","product":"Fahrenheit 451 by Ray Bradbury","email":"rfields6@mediafire.com","status":"Completed","date":"3/28/2015","price":"$167.73"},
{"id":8,"number":"41163-923","customer":"Catherine Wright","product":"Digital Storm Performance PC","email":"cwright7@ihg.com","status":"Completed","date":"11/20/2015","price":"$460.22"},
{"id":9,"number":"0615-1325","customer":"Billy White","product":"Elegant Gemstone Necklace","email":"bwhite8@edublogs.org","status":"New","date":"1/14/2015","price":"$353.33"},
{"id":10,"number":"44237-008","customer":"Jacqueline Lane","product":"Elegant Gemstone Necklace","email":"jlane9@mac.com","status":"New","date":"12/25/2014","price":"$418.27"},
{"id":11,"number":"42254-111","customer":"Todd Ruiz","product":"Custom T-Shirt","email":"truiza@slideshare.net","status":"New","date":"4/22/2015","price":"$186.79"},
{"id":12,"number":"55154-4774","customer":"Gary Howell","product":"Portable Sound Speakers","email":"ghowellb@github.com","status":"Completed","date":"5/29/2015","price":"$425.51"},
{"id":13,"number":"63629-2962","customer":"Pamela Gardner","product":"Nikon D5500 DSLR - Red","email":"pgardnerc@devhub.com","status":"Completed","date":"11/9/2015","price":"$354.16"},
{"id":14,"number":"69219-102","customer":"Debra Nguyen","product":"Flower Girl Bracelet","email":"dnguyend@ihg.com","status":"Completed","date":"2/8/2015","price":"$131.83"},
{"id":15,"number":"49288-0159","customer":"Julie Mccoy","product":"Lenovo Thinkpad X1 Carbon Laptop","email":"jmccoye@kickstarter.com","status":"New","date":"3/19/2015","price":"$355.24"},
{"id":16,"number":"50845-0095","customer":"Barbara Brown","product":"Digital Storm Performance PC","email":"bbrownf@jimdo.com","status":"Completed","date":"8/7/2015","price":"$362.26"},
{"id":17,"number":"55312-369","customer":"Brenda Perkins","product":"HP Spectre XT Pro UltraBook","email":"bperkinsg@yandex.ru","status":"Completed","date":"6/22/2015","price":"$182.47"},
{"id":18,"number":"0268-6504","customer":"Julie Kelly","product":"Oversized Women T-Shirt","email":"jkellyh@engadget.com","status":"New","date":"9/23/2015","price":"$297.08"},
{"id":19,"number":"36987-1980","customer":"Judith Spencer","product":"Fahrenheit 451 by Ray Bradbury","email":"jspenceri@engadget.com","status":"New","date":"7/21/2015","price":"$239.13"},
{"id":20,"number":"76173-1003","customer":"Jacqueline Kelley","product":"Custom T-Shirt","email":"jkelleyj@spotify.com","status":"Completed","date":"1/9/2015","price":"$403.63"},
{"id":21,"number":"10812-508","customer":"Rose Spencer","product":"Lenovo IdeaCentre 600 All-in-One PC","email":"rspencerk@networksolutions.com","status":"Completed","date":"10/31/2015","price":"$437.89"},
{"id":22,"number":"67147-221","customer":"Jeffrey Garza","product":"Nikon D5500 DSLR - Black","email":"jgarzal@printfriendly.com","status":"Completed","date":"11/19/2015","price":"$232.43"},
{"id":23,"number":"51991-293","customer":"Harold Lewis","product":"Digital Storm Performance PC","email":"hlewism@flavors.me","status":"New","date":"2/25/2015","price":"$455.94"},
{"id":24,"number":"60512-7101","customer":"Joseph Martinez","product":"Levi's 511 Jeans","email":"jmartinezn@usda.gov","status":"New","date":"12/31/2014","price":"$469.39"},
{"id":25,"number":"76204-100","customer":"Daniel Hughes","product":"Custom T-Shirt","email":"dhugheso@acquirethisname.com","status":"New","date":"5/12/2015","price":"$146.25"},
{"id":26,"number":"43473-802","customer":"Edward Sullivan","product":"Leica T Mirrorless Digital Camera","email":"esullivanp@china.com.cn","status":"New","date":"9/30/2015","price":"$266.90"},
{"id":27,"number":"36987-2474","customer":"Linda Graham","product":"Digital Storm Performance PC","email":"lgrahamq@sciencedaily.com","status":"Completed","date":"4/17/2015","price":"$179.43"},
{"id":28,"number":"64893-500","customer":"Billy Jackson","product":"HTC One Mini Blue","email":"bjacksonr@delicious.com","status":"Completed","date":"5/10/2015","price":"$136.26"},
{"id":29,"number":"11673-390","customer":"Brian Perez","product":"Lenovo IdeaCentre 600 All-in-One PC","email":"bperezs@reuters.com","status":"New","date":"7/21/2015","price":"$260.00"},
{"id":30,"number":"68001-177","customer":"Ralph Marshall","product":"HP Envy 6-1180ca Sleekbook","email":"rmarshallt@intel.com","status":"New","date":"10/3/2015","price":"$467.74"},
{"id":31,"number":"60505-2638","customer":"Eric Martin","product":"Nikon D5500 DSLR","email":"emartinu@webnode.com","status":"Completed","date":"3/16/2015","price":"$332.82"},
{"id":32,"number":"68786-216","customer":"Carlos Hudson","product":"Elegant Gemstone Necklace","email":"chudsonv@jimdo.com","status":"New","date":"1/24/2015","price":"$388.28"},
{"id":33,"number":"42291-674","customer":"Mark Rice","product":"First Prize Pies","email":"mricew@fda.gov","status":"Completed","date":"10/1/2015","price":"$347.54"},
{"id":34,"number":"55910-458","customer":"Carolyn Cooper","product":"Oversized Women T-Shirt","email":"ccooperx@networksolutions.com","status":"New","date":"4/15/2015","price":"$241.14"},
{"id":35,"number":"59779-667","customer":"Catherine Larson","product":"Nike Floral Running Shoes","email":"clarsony@dropbox.com","status":"New","date":"2/1/2015","price":"$425.71"},
{"id":36,"number":"60429-542","customer":"Kenneth Miller","product":"Custom T-Shirt","email":"kmillerz@diigo.com","status":"New","date":"1/11/2015","price":"$250.11"},
{"id":37,"number":"49035-001","customer":"Jessica Ross","product":"Portable Sound Speakers","email":"jross10@springer.com","status":"New","date":"9/10/2015","price":"$180.01"},
{"id":38,"number":"60429-249","customer":"Jonathan Howell","product":"Obey Propaganda Hat","email":"jhowell11@usnews.com","status":"Completed","date":"9/10/2015","price":"$208.54"},
{"id":39,"number":"0615-3508","customer":"Brenda Moore","product":"Night Visions","email":"bmoore12@oracle.com","status":"New","date":"4/27/2015","price":"$489.28"},
{"id":40,"number":"0003-1428","customer":"Mildred Brown","product":"Obey Propaganda Hat","email":"mbrown13@hibu.com","status":"New","date":"5/15/2015","price":"$185.77"},
{"id":41,"number":"0591-0658","customer":"Diana Jenkins","product":"Fahrenheit 451 by Ray Bradbury","email":"djenkins14@thetimes.co.uk","status":"New","date":"11/18/2015","price":"$151.94"},
{"id":42,"number":"53942-505","customer":"Christine Sullivan","product":"Portable Sound Speakers","email":"csullivan15@chron.com","status":"New","date":"5/27/2015","price":"$269.23"},
{"id":43,"number":"47593-173","customer":"Diane Willis","product":"Oversized Women T-Shirt","email":"dwillis16@npr.org","status":"Completed","date":"10/12/2015","price":"$209.38"},
{"id":44,"number":"42549-605","customer":"Bruce Morgan","product":"Lenovo IdeaCentre 600 All-in-One PC","email":"bmorgan17@engadget.com","status":"Completed","date":"4/30/2015","price":"$273.94"},
{"id":45,"number":"63146-108","customer":"Roy Carter","product":"Elegant Gemstone Necklace","email":"rcarter18@loc.gov","status":"Completed","date":"3/21/2015","price":"$290.16"},
{"id":46,"number":"13630-0050","customer":"Kathryn Sanders","product":"HP Envy 6-1180ca Sleekbook","email":"ksanders19@odnoklassniki.ru","status":"New","date":"5/31/2015","price":"$314.97"},
{"id":47,"number":"0093-0900","customer":"Gloria Payne","product":"Digital Storm Performance PC","email":"gpayne1a@prnewswire.com","status":"New","date":"12/14/2014","price":"$415.80"},
{"id":48,"number":"52959-085","customer":"Karen Rivera","product":"First Prize Pies","email":"krivera1b@devhub.com","status":"New","date":"9/24/2015","price":"$265.17"},
{"id":49,"number":"36987-1672","customer":"Walter Cox","product":"Elegant Gemstone Necklace","email":"wcox1c@1688.com","status":"Completed","date":"7/18/2015","price":"$236.55"},
{"id":50,"number":"53675-131","customer":"Alan Knight","product":"Obey Propaganda Hat","email":"aknight1d@cbc.ca","status":"Completed","date":"9/1/2015","price":"$420.12"},
{"id":51,"number":"63459-546","customer":"Shirley Rivera","product":"First Prize Pies","email":"srivera1e@tripod.com","status":"Completed","date":"2/21/2015","price":"$216.62"},
{"id":52,"number":"65862-012","customer":"Rachel Hughes","product":"Fahrenheit 451 by Ray Bradbury","email":"rhughes1f@wp.com","status":"Completed","date":"3/5/2015","price":"$301.78"},
{"id":53,"number":"67253-941","customer":"Janice Sims","product":"Nokia Lumia 1020","email":"jsims1g@tinyurl.com","status":"New","date":"10/28/2015","price":"$417.09"},
{"id":54,"number":"67938-1000","customer":"Benjamin Foster","product":"Digital Storm Performance PC","email":"bfoster1h@princeton.edu","status":"New","date":"11/19/2015","price":"$403.41"},
{"id":55,"number":"41250-186","customer":"Bonnie Richardson","product":"Levi's 511 Jeans","email":"brichardson1i@goo.ne.jp","status":"Completed","date":"10/6/2015","price":"$218.04"},
{"id":56,"number":"49348-982","customer":"Laura Elliott","product":"First Prize Pies","email":"lelliott1j@bing.com","status":"New","date":"4/28/2015","price":"$334.69"},
{"id":57,"number":"63629-2904","customer":"Debra Turner","product":"Custom T-Shirt","email":"dturner1k@hao123.com","status":"Completed","date":"5/10/2015","price":"$211.18"},
{"id":58,"number":"66977-022","customer":"Diana Robinson","product":"Levi's 511 Jeans","email":"drobinson1l@surveymonkey.com","status":"New","date":"8/28/2015","price":"$320.83"},
{"id":59,"number":"46708-032","customer":"Carolyn Hayes","product":"Flower Girl Bracelet","email":"chayes1m@huffingtonpost.com","status":"Completed","date":"2/18/2015","price":"$194.57"},
{"id":60,"number":"69106-120","customer":"Raymond West","product":"HTC One M8 Android L 5.0 Lollipop","email":"rwest1n@netscape.com","status":"Completed","date":"2/17/2015","price":"$146.11"},
{"id":61,"number":"62802-295","customer":"Charles Dixon","product":"Leica T Mirrorless Digital Camera","email":"cdixon1o@ucsd.edu","status":"New","date":"8/21/2015","price":"$135.84"},
{"id":62,"number":"50730-4102","customer":"Jimmy Berry","product":"First Prize Pies","email":"jberry1p@cnn.com","status":"Completed","date":"1/4/2015","price":"$409.33"},
{"id":63,"number":"42254-038","customer":"Victor Warren","product":"Lenovo IdeaCentre 600 All-in-One PC","email":"vwarren1q@skyrock.com","status":"Completed","date":"6/20/2015","price":"$444.93"},
{"id":64,"number":"60429-140","customer":"Debra Rivera","product":"Nikon D5500 DSLR - Red","email":"drivera1r@hubpages.com","status":"New","date":"6/9/2015","price":"$177.70"},
{"id":65,"number":"0268-6113","customer":"Thomas Fowler","product":"Custom T-Shirt","email":"tfowler1s@soup.io","status":"New","date":"1/30/2015","price":"$318.76"},
{"id":66,"number":"51672-4001","customer":"Annie Kennedy","product":"Nikon D5500 DSLR - Black","email":"akennedy1t@businessweek.com","status":"Completed","date":"7/3/2015","price":"$362.65"},
{"id":67,"number":"59800-8001","customer":"Gloria Lynch","product":"Lenovo Thinkpad X1 Carbon Laptop","email":"glynch1u@hhs.gov","status":"Completed","date":"11/24/2015","price":"$155.49"},
{"id":68,"number":"11822-0994","customer":"Sarah Carpenter","product":"Oversized Women T-Shirt","email":"scarpenter1v@chronoengine.com","status":"New","date":"12/24/2014","price":"$335.20"},
{"id":69,"number":"51346-018","customer":"Carl Berry","product":"Nokia Lumia 1020","email":"cberry1w@nymag.com","status":"New","date":"7/12/2015","price":"$136.57"},
{"id":70,"number":"68151-0084","customer":"Ryan Rice","product":"Flower Girl Bracelet","email":"rrice1x@apache.org","status":"Completed","date":"10/18/2015","price":"$243.62"},
{"id":71,"number":"66336-834","customer":"Roy Reyes","product":"Fahrenheit 451 by Ray Bradbury","email":"rreyes1y@twitpic.com","status":"Completed","date":"1/17/2015","price":"$387.92"},
{"id":72,"number":"67457-522","customer":"Irene Marshall","product":"Night Visions","email":"imarshall1z@soundcloud.com","status":"Completed","date":"7/11/2015","price":"$221.03"},
{"id":73,"number":"55714-1515","customer":"Steven Mitchell","product":"Fahrenheit 451 by Ray Bradbury","email":"smitchell20@dagondesign.com","status":"New","date":"1/13/2015","price":"$419.40"},
{"id":74,"number":"49199-100","customer":"Ryan Reyes","product":"Fahrenheit 451 by Ray Bradbury","email":"rreyes21@zdnet.com","status":"New","date":"8/20/2015","price":"$371.75"},
{"id":75,"number":"16714-387","customer":"Cheryl Hunter","product":"Levi's 511 Jeans","email":"chunter22@vinaora.com","status":"New","date":"8/7/2015","price":"$177.84"},
{"id":76,"number":"0363-0923","customer":"Lisa Gonzalez","product":"Digital Storm Performance PC","email":"lgonzalez23@census.gov","status":"New","date":"4/1/2015","price":"$111.24"},
{"id":77,"number":"24385-904","customer":"Peter Boyd","product":"Nikon D5500 DSLR","email":"pboyd24@jiathis.com","status":"New","date":"7/25/2015","price":"$481.93"},
{"id":78,"number":"65954-548","customer":"Donald Lynch","product":"Digital Storm Performance PC","email":"dlynch25@google.fr","status":"Completed","date":"1/27/2015","price":"$497.60"},
{"id":79,"number":"48951-8089","customer":"Joe Reynolds","product":"Lenevo computer","email":"jreynolds26@mozilla.com","status":"Completed","date":"5/10/2015","price":"$445.08"},
{"id":80,"number":"79596-096","customer":"Shirley Mason","product":"Nikon D5500 DSLR - Red","email":"smason27@unicef.org","status":"Completed","date":"1/21/2015","price":"$419.71"},
{"id":81,"number":"41520-484","customer":"Edward Perry","product":"Nikon D5500 DSLR","email":"eperry28@csmonitor.com","status":"Completed","date":"12/22/2014","price":"$253.19"},
{"id":82,"number":"63629-1307","customer":"Dennis Dunn","product":"Oversized Women T-Shirt","email":"ddunn29@gmpg.org","status":"New","date":"10/6/2015","price":"$401.52"},
{"id":83,"number":"12634-860","customer":"Amanda Reid","product":"Nike Floral Running Shoes","email":"areid2a@umn.edu","status":"New","date":"7/29/2015","price":"$289.60"},
{"id":84,"number":"36000-011","customer":"Angela Harris","product":"Portable Sound Speakers","email":"aharris2b@bloomberg.com","status":"Completed","date":"7/17/2015","price":"$261.64"},
{"id":85,"number":"54868-4271","customer":"Julia Tucker","product":"HTC One Mini Blue","email":"jtucker2c@tripadvisor.com","status":"New","date":"12/20/2014","price":"$351.08"},
{"id":86,"number":"0093-6139","customer":"Jonathan Jones","product":"Lenevo computer","email":"jjones2d@mozilla.org","status":"Completed","date":"4/13/2015","price":"$229.20"},
{"id":87,"number":"55319-132","customer":"Nicole Franklin","product":"HTC One Mini Blue","email":"nfranklin2e@msn.com","status":"New","date":"2/13/2015","price":"$319.61"},
{"id":88,"number":"64117-284","customer":"Johnny Bailey","product":"Nikon D5500 DSLR - Red","email":"jbailey2f@google.com","status":"Completed","date":"1/10/2015","price":"$192.24"},
{"id":89,"number":"59535-1001","customer":"Henry Evans","product":"Lenovo IdeaCentre 600 All-in-One PC","email":"hevans2g@reverbnation.com","status":"Completed","date":"11/1/2015","price":"$351.53"},
{"id":90,"number":"62011-0182","customer":"Kathryn Green","product":"Custom T-Shirt","email":"kgreen2h@ow.ly","status":"Completed","date":"1/1/2015","price":"$308.46"},
{"id":91,"number":"62011-0137","customer":"Cynthia West","product":"Night Visions","email":"cwest2i@4shared.com","status":"New","date":"2/1/2015","price":"$124.77"},
{"id":92,"number":"61589-1905","customer":"Teresa Snyder","product":"HP Spectre XT Pro UltraBook","email":"tsnyder2j@narod.ru","status":"New","date":"2/1/2015","price":"$185.58"},
{"id":93,"number":"57520-0630","customer":"Jeffrey Phillips","product":"Elegant Gemstone Necklace","email":"jphillips2k@newyorker.com","status":"New","date":"4/10/2015","price":"$442.32"},
{"id":94,"number":"33342-075","customer":"James Larson","product":"Night Visions","email":"jlarson2l@ucla.edu","status":"New","date":"5/29/2015","price":"$207.14"},
{"id":95,"number":"42291-626","customer":"James Reyes","product":"Night Visions","email":"jreyes2m@eventbrite.com","status":"New","date":"10/26/2015","price":"$460.75"},
{"id":96,"number":"37205-186","customer":"Melissa Hicks","product":"Levi's 511 Jeans","email":"mhicks2n@upenn.edu","status":"New","date":"5/12/2015","price":"$336.71"},
{"id":97,"number":"0536-3504","customer":"Linda Foster","product":"Digital Storm Performance PC","email":"lfoster2o@flickr.com","status":"Completed","date":"10/3/2015","price":"$418.22"},
{"id":98,"number":"49349-845","customer":"Dorothy Kelley","product":"Portable Sound Speakers","email":"dkelley2p@ibm.com","status":"Completed","date":"8/25/2015","price":"$301.48"},
{"id":99,"number":"44911-0120","customer":"Jason Harris","product":"Oversized Women T-Shirt","email":"jharris2q@wisc.edu","status":"New","date":"9/14/2015","price":"$460.19"},
{"id":100,"number":"67877-312","customer":"Theresa Wells","product":"Nikon D5500 DSLR","email":"twells2r@un.org","status":"Completed","date":"6/14/2015","price":"$454.52"},
{"id":101,"number":"51079-273","customer":"Lori Watkins","product":"Lenovo IdeaCentre 600 All-in-One PC","email":"lwatkins2s@mozilla.com","status":"Completed","date":"4/16/2015","price":"$132.70"},
{"id":102,"number":"55289-012","customer":"Anthony Chavez","product":"Custom T-Shirt","email":"achavez2t@histats.com","status":"New","date":"2/11/2015","price":"$351.70"},
{"id":103,"number":"68001-172","customer":"Nicholas Wright","product":"Lenovo Thinkpad X1 Carbon Laptop","email":"nwright2u@jiathis.com","status":"New","date":"4/4/2015","price":"$176.91"},
{"id":104,"number":"55531-001","customer":"Stephanie Hunt","product":"HP Envy 6-1180ca Sleekbook","email":"shunt2v@shop-pro.jp","status":"Completed","date":"8/26/2015","price":"$123.52"},
{"id":105,"number":"59899-004","customer":"Harry Murphy","product":"Levi's 511 Jeans","email":"hmurphy2w@elpais.com","status":"Completed","date":"8/20/2015","price":"$299.29"},
{"id":106,"number":"58118-0001","customer":"Julia Fields","product":"Elegant Gemstone Necklace","email":"jfields2x@upenn.edu","status":"New","date":"11/25/2015","price":"$395.01"},
{"id":107,"number":"55111-204","customer":"Gloria Williamson","product":"Lenovo IdeaCentre 600 All-in-One PC","email":"gwilliamson2y@squarespace.com","status":"New","date":"7/19/2015","price":"$261.70"},
{"id":108,"number":"16590-216","customer":"Jesse Welch","product":"Nike Floral Running Shoes","email":"jwelch2z@blogtalkradio.com","status":"New","date":"10/23/2015","price":"$359.57"},
{"id":109,"number":"39765-001","customer":"Joe Gilbert","product":"First Prize Pies","email":"jgilbert30@bbb.org","status":"Completed","date":"7/11/2015","price":"$434.02"},
{"id":110,"number":"65044-5048","customer":"Teresa Franklin","product":"Lenevo computer","email":"tfranklin31@exblog.jp","status":"New","date":"10/12/2015","price":"$189.43"},
{"id":111,"number":"58118-4486","customer":"Douglas Jordan","product":"Obey Propaganda Hat","email":"djordan32@google.co.jp","status":"Completed","date":"7/12/2015","price":"$327.02"},
{"id":112,"number":"46581-100","customer":"Bonnie White","product":"Obey Propaganda Hat","email":"bwhite33@state.tx.us","status":"New","date":"1/21/2015","price":"$214.55"},
{"id":113,"number":"54973-9138","customer":"Donna Black","product":"Levi's 511 Jeans","email":"dblack34@rakuten.co.jp","status":"New","date":"3/27/2015","price":"$187.77"},
{"id":114,"number":"50353-103","customer":"Jacqueline Kim","product":"Lenevo computer","email":"jkim35@about.com","status":"Completed","date":"10/23/2015","price":"$396.31"},
{"id":115,"number":"55154-6629","customer":"Antonio Chavez","product":"Lenovo Thinkpad X1 Carbon Laptop","email":"achavez36@ft.com","status":"New","date":"5/12/2015","price":"$441.48"},
{"id":116,"number":"63323-493","customer":"Carol Reynolds","product":"Flower Girl Bracelet","email":"creynolds37@businesswire.com","status":"New","date":"11/11/2015","price":"$301.59"},
{"id":117,"number":"51138-059","customer":"Paula Parker","product":"Flower Girl Bracelet","email":"pparker38@friendfeed.com","status":"New","date":"7/11/2015","price":"$216.09"},
{"id":118,"number":"21695-111","customer":"Frances Clark","product":"Custom T-Shirt","email":"fclark39@cmu.edu","status":"New","date":"4/12/2015","price":"$329.19"},
{"id":119,"number":"10819-5814","customer":"Timothy Miller","product":"HTC One Mini Blue","email":"tmiller3a@deviantart.com","status":"New","date":"4/1/2015","price":"$169.54"},
{"id":120,"number":"60691-117","customer":"Andrea Kelly","product":"HTC One Mini Blue","email":"akelly3b@microsoft.com","status":"New","date":"3/7/2015","price":"$208.67"},
{"id":121,"number":"63187-135","customer":"Roger Brooks","product":"Obey Propaganda Hat","email":"rbrooks3c@flavors.me","status":"Completed","date":"4/6/2015","price":"$388.42"},
{"id":122,"number":"35356-324","customer":"Sandra Griffin","product":"HTC One M8 Android L 5.0 Lollipop","email":"sgriffin3d@bravesites.com","status":"Completed","date":"10/24/2015","price":"$305.62"},
{"id":123,"number":"49288-0700","customer":"Beverly Mills","product":"Lenovo IdeaCentre 600 All-in-One PC","email":"bmills3e@webeden.co.uk","status":"Completed","date":"4/11/2015","price":"$356.45"},
{"id":124,"number":"68382-227","customer":"Todd Taylor","product":"Nikon D5500 DSLR - Black","email":"ttaylor3f@biglobe.ne.jp","status":"Completed","date":"7/1/2015","price":"$109.35"},
{"id":125,"number":"49349-904","customer":"Peter Fisher","product":"Elegant Gemstone Necklace","email":"pfisher3g@sfgate.com","status":"New","date":"1/23/2015","price":"$375.10"},
{"id":126,"number":"57520-0099","customer":"Cynthia Franklin","product":"Elegant Gemstone Necklace","email":"cfranklin3h@psu.edu","status":"Completed","date":"10/4/2015","price":"$487.48"},
{"id":127,"number":"30142-685","customer":"Louis Duncan","product":"Flower Girl Bracelet","email":"lduncan3i@simplemachines.org","status":"New","date":"9/24/2015","price":"$415.56"},
{"id":128,"number":"0268-6670","customer":"Betty Tucker","product":"Fahrenheit 451 by Ray Bradbury","email":"btucker3j@123-reg.co.uk","status":"New","date":"7/17/2015","price":"$140.85"},
{"id":129,"number":"0091-6705","customer":"Paul Collins","product":"Night Visions","email":"pcollins3k@e-recht24.de","status":"New","date":"2/20/2015","price":"$301.02"},
{"id":130,"number":"54973-1157","customer":"Carlos Gibson","product":"HTC One Mini Blue","email":"cgibson3l@bloglines.com","status":"New","date":"2/13/2015","price":"$160.43"},
{"id":131,"number":"62847-002","customer":"Betty Fisher","product":"Oversized Women T-Shirt","email":"bfisher3m@arizona.edu","status":"Completed","date":"1/12/2015","price":"$374.41"},
{"id":132,"number":"50242-136","customer":"Ruby Cox","product":"Nikon D5500 DSLR - Black","email":"rcox3n@hibu.com","status":"New","date":"7/5/2015","price":"$385.50"},
{"id":133,"number":"65841-744","customer":"Gary Day","product":"Lenevo computer","email":"gday3o@ezinearticles.com","status":"New","date":"10/29/2015","price":"$395.63"},
{"id":134,"number":"59746-248","customer":"Jonathan Evans","product":"Nokia Lumia 1020","email":"jevans3p@opera.com","status":"New","date":"3/23/2015","price":"$259.51"},
{"id":135,"number":"55111-255","customer":"Sara Russell","product":"Lenovo IdeaCentre 600 All-in-One PC","email":"srussell3q@rambler.ru","status":"Completed","date":"12/25/2014","price":"$177.59"},
{"id":136,"number":"64942-1279","customer":"Paula Bell","product":"Flower Girl Bracelet","email":"pbell3r@amazon.co.uk","status":"Completed","date":"5/10/2015","price":"$216.38"},
{"id":137,"number":"67345-0511","customer":"Jason Pierce","product":"Obey Propaganda Hat","email":"jpierce3s@fastcompany.com","status":"Completed","date":"12/1/2014","price":"$187.64"},
{"id":138,"number":"52125-937","customer":"Philip Mccoy","product":"Obey Propaganda Hat","email":"pmccoy3t@wufoo.com","status":"Completed","date":"5/12/2015","price":"$426.00"},
{"id":139,"number":"0378-0437","customer":"Evelyn Thompson","product":"Levi's 511 Jeans","email":"ethompson3u@slideshare.net","status":"Completed","date":"11/9/2015","price":"$233.14"},
{"id":140,"number":"21695-099","customer":"Lori Berry","product":"Fahrenheit 451 by Ray Bradbury","email":"lberry3v@gizmodo.com","status":"Completed","date":"7/31/2015","price":"$224.45"},
{"id":141,"number":"35356-758","customer":"Marie Lopez","product":"Lenevo computer","email":"mlopez3w@stanford.edu","status":"Completed","date":"2/17/2015","price":"$347.81"},
{"id":142,"number":"11822-0154","customer":"Rebecca Burns","product":"Digital Storm Performance PC","email":"rburns3x@dedecms.com","status":"New","date":"12/19/2014","price":"$353.46"},
{"id":143,"number":"14783-108","customer":"Lois Lynch","product":"Custom T-Shirt","email":"llynch3y@wiley.com","status":"New","date":"12/22/2014","price":"$375.03"},
{"id":144,"number":"58668-1261","customer":"Joan Reynolds","product":"Obey Propaganda Hat","email":"jreynolds3z@miibeian.gov.cn","status":"New","date":"9/3/2015","price":"$456.73"},
{"id":145,"number":"55316-432","customer":"Julia Marshall","product":"HTC One Mini Blue","email":"jmarshall40@youku.com","status":"Completed","date":"12/4/2014","price":"$137.42"},
{"id":146,"number":"49349-572","customer":"Harry Lee","product":"Flower Girl Bracelet","email":"hlee41@trellian.com","status":"New","date":"5/11/2015","price":"$406.01"},
{"id":147,"number":"0187-5202","customer":"Justin Kelley","product":"Nikon D5500 DSLR - Black","email":"jkelley42@reference.com","status":"New","date":"1/19/2015","price":"$194.88"},
{"id":148,"number":"14783-325","customer":"Fred Bailey","product":"Nikon D5500 DSLR - Red","email":"fbailey43@apache.org","status":"New","date":"4/30/2015","price":"$445.20"},
{"id":149,"number":"16590-383","customer":"Daniel Bishop","product":"Nikon D5500 DSLR","email":"dbishop44@technorati.com","status":"New","date":"10/31/2015","price":"$211.13"},
{"id":150,"number":"63354-921","customer":"Joyce Lawson","product":"HTC One Mini Blue","email":"jlawson45@sfgate.com","status":"New","date":"9/15/2015","price":"$326.51"},
{"id":151,"number":"68828-150","customer":"Joshua James","product":"Nokia Lumia 1020","email":"jjames46@upenn.edu","status":"Completed","date":"5/11/2015","price":"$366.03"},
{"id":152,"number":"11716-1168","customer":"Joe Adams","product":"Custom T-Shirt","email":"jadams47@spotify.com","status":"New","date":"12/18/2014","price":"$437.13"},
{"id":153,"number":"43538-170","customer":"Martha Weaver","product":"HP Spectre XT Pro UltraBook","email":"mweaver48@jalbum.net","status":"Completed","date":"7/21/2015","price":"$468.92"},
{"id":154,"number":"0363-0327","customer":"Carol Wood","product":"HP Envy 6-1180ca Sleekbook","email":"cwood49@patch.com","status":"New","date":"3/16/2015","price":"$484.41"},
{"id":155,"number":"52083-239","customer":"Todd Porter","product":"Nike Floral Running Shoes","email":"tporter4a@goodreads.com","status":"Completed","date":"6/2/2015","price":"$255.43"},
{"id":156,"number":"52959-984","customer":"Howard Carpenter","product":"Lenovo Thinkpad X1 Carbon Laptop","email":"hcarpenter4b@youtube.com","status":"Completed","date":"12/30/2014","price":"$157.08"},
{"id":157,"number":"0641-6114","customer":"Linda Hanson","product":"Leica T Mirrorless Digital Camera","email":"lhanson4c@quantcast.com","status":"New","date":"8/4/2015","price":"$239.88"},
{"id":158,"number":"54868-2470","customer":"Janice Peterson","product":"First Prize Pies","email":"jpeterson4d@bravesites.com","status":"Completed","date":"6/6/2015","price":"$325.43"},
{"id":159,"number":"16781-426","customer":"Ralph Gordon","product":"Nike Floral Running Shoes","email":"rgordon4e@alibaba.com","status":"Completed","date":"1/31/2015","price":"$389.12"},
{"id":160,"number":"0054-0338","customer":"Daniel Rodriguez","product":"Flower Girl Bracelet","email":"drodriguez4f@vimeo.com","status":"Completed","date":"9/27/2015","price":"$159.88"},
{"id":161,"number":"68196-800","customer":"Carolyn Bowman","product":"Levi's 511 Jeans","email":"cbowman4g@parallels.com","status":"New","date":"5/29/2015","price":"$320.64"},
{"id":162,"number":"55289-012","customer":"Bruce Warren","product":"Fahrenheit 451 by Ray Bradbury","email":"bwarren4h@amazonaws.com","status":"New","date":"2/23/2015","price":"$413.26"},
{"id":163,"number":"11819-360","customer":"Mark Kelly","product":"Portable Sound Speakers","email":"mkelly4i@theguardian.com","status":"New","date":"12/16/2014","price":"$259.82"},
{"id":164,"number":"21695-813","customer":"Jesse Murray","product":"HP Envy 6-1180ca Sleekbook","email":"jmurray4j@vistaprint.com","status":"New","date":"3/28/2015","price":"$225.49"},
{"id":165,"number":"0179-8711","customer":"Diana Chapman","product":"Flower Girl Bracelet","email":"dchapman4k@youku.com","status":"New","date":"2/15/2015","price":"$100.94"},
{"id":166,"number":"0472-3901","customer":"Jacqueline Hansen","product":"Nikon D5500 DSLR - Black","email":"jhansen4l@sogou.com","status":"Completed","date":"11/29/2015","price":"$170.89"},
{"id":167,"number":"0378-6042","customer":"Jesse Bryant","product":"Portable Sound Speakers","email":"jbryant4m@fda.gov","status":"Completed","date":"4/2/2015","price":"$463.89"},
{"id":168,"number":"55154-9614","customer":"Alan Woods","product":"Lenovo IdeaCentre 600 All-in-One PC","email":"awoods4n@livejournal.com","status":"Completed","date":"3/30/2015","price":"$122.04"},
{"id":169,"number":"60681-2702","customer":"Catherine Torres","product":"Lenovo IdeaCentre 600 All-in-One PC","email":"ctorres4o@ameblo.jp","status":"Completed","date":"12/30/2014","price":"$300.11"},
{"id":170,"number":"52625-101","customer":"Melissa Jenkins","product":"Elegant Gemstone Necklace","email":"mjenkins4p@bloglines.com","status":"Completed","date":"11/11/2015","price":"$291.61"},
{"id":171,"number":"50382-005","customer":"Alice Arnold","product":"Elegant Gemstone Necklace","email":"aarnold4q@amazonaws.com","status":"New","date":"6/16/2015","price":"$451.21"},
{"id":172,"number":"54868-5275","customer":"Virginia Dixon","product":"Custom T-Shirt","email":"vdixon4r@aboutads.info","status":"Completed","date":"12/3/2014","price":"$432.72"},
{"id":173,"number":"24987-352","customer":"Barbara Griffin","product":"Night Visions","email":"bgriffin4s@aol.com","status":"Completed","date":"11/13/2015","price":"$166.46"},
{"id":174,"number":"49349-306","customer":"Denise Turner","product":"Nokia Lumia 1020","email":"dturner4t@nhs.uk","status":"New","date":"8/24/2015","price":"$421.17"},
{"id":175,"number":"55111-730","customer":"Gloria Perez","product":"HP Envy 6-1180ca Sleekbook","email":"gperez4u@senate.gov","status":"Completed","date":"6/1/2015","price":"$206.06"},
{"id":176,"number":"65174-461","customer":"Robin Wallace","product":"Flower Girl Bracelet","email":"rwallace4v@ftc.gov","status":"New","date":"12/14/2014","price":"$424.94"},
{"id":177,"number":"49349-731","customer":"Theresa Matthews","product":"First Prize Pies","email":"tmatthews4w@mediafire.com","status":"New","date":"5/18/2015","price":"$239.21"},
{"id":178,"number":"76254-1001","customer":"Edward Ford","product":"If You Wait","email":"eford4x@yellowbook.com","status":"Completed","date":"10/28/2015","price":"$117.65"},
{"id":179,"number":"58466-016","customer":"Kelly Alvarez","product":"Flower Girl Bracelet","email":"kalvarez4y@miibeian.gov.cn","status":"Completed","date":"11/24/2015","price":"$126.78"},
{"id":180,"number":"51346-199","customer":"Julia Nelson","product":"Elegant Gemstone Necklace","email":"jnelson4z@yellowpages.com","status":"Completed","date":"11/25/2015","price":"$245.64"},
{"id":181,"number":"55319-050","customer":"Joan Cunningham","product":"Elegant Gemstone Necklace","email":"jcunningham50@guardian.co.uk","status":"New","date":"12/6/2014","price":"$262.99"},
{"id":182,"number":"61919-056","customer":"Peter Larson","product":"Elegant Gemstone Necklace","email":"plarson51@state.gov","status":"New","date":"2/27/2015","price":"$341.60"},
{"id":183,"number":"0395-0400","customer":"Frank Hart","product":"Leica T Mirrorless Digital Camera","email":"fhart52@weebly.com","status":"New","date":"8/14/2015","price":"$424.39"},
{"id":184,"number":"59779-918","customer":"Mildred Harrison","product":"Nokia Lumia 1020","email":"mharrison53@whitehouse.gov","status":"Completed","date":"4/15/2015","price":"$419.20"},
{"id":185,"number":"42806-058","customer":"Amanda Gray","product":"Nikon D5500 DSLR","email":"agray54@wikispaces.com","status":"New","date":"2/18/2015","price":"$261.99"},
{"id":186,"number":"0378-5050","customer":"Gary Reynolds","product":"Oversized Women T-Shirt","email":"greynolds55@cnet.com","status":"Completed","date":"8/3/2015","price":"$267.39"},
{"id":187,"number":"66715-9830","customer":"Theresa Ramos","product":"Lenovo IdeaCentre 600 All-in-One PC","email":"tramos56@4shared.com","status":"Completed","date":"7/10/2015","price":"$101.48"},
{"id":188,"number":"49349-468","customer":"Phillip Perkins","product":"Flower Girl Bracelet","email":"pperkins57@hc360.com","status":"New","date":"11/17/2015","price":"$380.90"},
{"id":189,"number":"53808-0958","customer":"Rose Little","product":"If You Wait","email":"rlittle58@123-reg.co.uk","status":"Completed","date":"6/14/2015","price":"$313.82"},
{"id":190,"number":"37000-274","customer":"Terry Larson","product":"Digital Storm Performance PC","email":"tlarson59@marketwatch.com","status":"New","date":"12/17/2014","price":"$417.10"},
{"id":191,"number":"52544-254","customer":"Diane Garcia","product":"HP Envy 6-1180ca Sleekbook","email":"dgarcia5a@europa.eu","status":"Completed","date":"3/18/2015","price":"$438.58"},
{"id":192,"number":"0091-2490","customer":"Rose Watson","product":"If You Wait","email":"rwatson5b@ameblo.jp","status":"Completed","date":"6/7/2015","price":"$217.28"},
{"id":193,"number":"24236-889","customer":"Maria Pierce","product":"Elegant Gemstone Necklace","email":"mpierce5c@nationalgeographic.com","status":"New","date":"7/5/2015","price":"$171.35"},
{"id":194,"number":"55316-255","customer":"Justin Alvarez","product":"Lenovo Thinkpad X1 Carbon Laptop","email":"jalvarez5d@theglobeandmail.com","status":"Completed","date":"4/21/2015","price":"$425.92"},
{"id":195,"number":"51079-822","customer":"Mark Perry","product":"Nikon D5500 DSLR - Black","email":"mperry5e@tinypic.com","status":"Completed","date":"8/23/2015","price":"$375.66"},
{"id":196,"number":"58503-015","customer":"Tina Perkins","product":"Nikon D5500 DSLR","email":"tperkins5f@tuttocitta.it","status":"New","date":"12/2/2014","price":"$457.16"},
{"id":197,"number":"63323-478","customer":"Thomas Fernandez","product":"HTC One M8 Android L 5.0 Lollipop","email":"tfernandez5g@google.fr","status":"New","date":"2/26/2015","price":"$129.08"},
{"id":198,"number":"41268-496","customer":"Andrew Diaz","product":"First Prize Pies","email":"adiaz5h@jalbum.net","status":"New","date":"5/21/2015","price":"$401.72"},
{"id":199,"number":"0536-3479","customer":"Jane Moore","product":"HP Envy 6-1180ca Sleekbook","email":"jmoore5i@gnu.org","status":"Completed","date":"9/20/2015","price":"$193.81"},
{"id":200,"number":"51815-208","customer":"Christina Romero","product":"Nikon D5500 DSLR - Red","email":"cromero5j@google.pl","status":"Completed","date":"9/5/2015","price":"$390.63"},
{"id":201,"number":"0143-9729","customer":"Gerald Carter","product":"Nikon D5500 DSLR - Black","email":"gcarter5k@unc.edu","status":"Completed","date":"9/21/2015","price":"$437.20"},
{"id":202,"number":"58177-310","customer":"Cynthia Williamson","product":"Leica T Mirrorless Digital Camera","email":"cwilliamson5l@yahoo.com","status":"New","date":"5/13/2015","price":"$453.74"},
{"id":203,"number":"64117-973","customer":"Alice Sanchez","product":"Oversized Women T-Shirt","email":"asanchez5m@domainmarket.com","status":"New","date":"8/18/2015","price":"$253.84"},
{"id":204,"number":"14550-519","customer":"Robert Stevens","product":"Nikon D5500 DSLR - Black","email":"rstevens5n@apple.com","status":"New","date":"3/18/2015","price":"$424.76"},
{"id":205,"number":"58411-181","customer":"Aaron Gordon","product":"HTC One M8 Android L 5.0 Lollipop","email":"agordon5o@cbsnews.com","status":"Completed","date":"11/15/2015","price":"$255.79"},
{"id":206,"number":"63736-586","customer":"Ryan Tucker","product":"HP Spectre XT Pro UltraBook","email":"rtucker5p@foxnews.com","status":"Completed","date":"7/9/2015","price":"$239.36"},
{"id":207,"number":"50952-001","customer":"Frances Burns","product":"Night Visions","email":"fburns5q@unblog.fr","status":"New","date":"8/28/2015","price":"$140.41"},
{"id":208,"number":"43353-663","customer":"Jennifer Davis","product":"Flower Girl Bracelet","email":"jdavis5r@chronoengine.com","status":"New","date":"12/23/2014","price":"$119.13"},
{"id":209,"number":"0363-0010","customer":"Kathleen Little","product":"Nikon D5500 DSLR","email":"klittle5s@redcross.org","status":"Completed","date":"12/18/2014","price":"$263.88"},
{"id":210,"number":"36800-375","customer":"Douglas Rose","product":"Nokia Lumia 1020","email":"drose5t@photobucket.com","status":"New","date":"10/27/2015","price":"$101.88"},
{"id":211,"number":"64205-640","customer":"Ruby Dixon","product":"Lenovo IdeaCentre 600 All-in-One PC","email":"rdixon5u@istockphoto.com","status":"New","date":"8/31/2015","price":"$439.48"},
{"id":212,"number":"0363-4193","customer":"Bruce Henry","product":"Obey Propaganda Hat","email":"bhenry5v@jimdo.com","status":"Completed","date":"6/9/2015","price":"$213.81"},
{"id":213,"number":"42254-046","customer":"Jessica Morales","product":"HP Envy 6-1180ca Sleekbook","email":"jmorales5w@cmu.edu","status":"Completed","date":"8/24/2015","price":"$222.41"},
{"id":214,"number":"61957-0030","customer":"Bonnie Carr","product":"Flower Girl Bracelet","email":"bcarr5x@prnewswire.com","status":"Completed","date":"3/12/2015","price":"$370.04"},
{"id":215,"number":"17478-290","customer":"Antonio Hall","product":"Nikon D5500 DSLR","email":"ahall5y@naver.com","status":"New","date":"6/14/2015","price":"$247.57"},
{"id":216,"number":"0054-0243","customer":"Fred Long","product":"Portable Sound Speakers","email":"flong5z@cam.ac.uk","status":"Completed","date":"5/13/2015","price":"$260.58"},
{"id":217,"number":"76318-334","customer":"Dennis Chavez","product":"Nokia Lumia 1020","email":"dchavez60@51.la","status":"Completed","date":"12/28/2014","price":"$471.45"},
{"id":218,"number":"0283-0679","customer":"Joan Nguyen","product":"Digital Storm Performance PC","email":"jnguyen61@soundcloud.com","status":"New","date":"2/9/2015","price":"$351.20"},
{"id":219,"number":"0409-1587","customer":"Kenneth Sanchez","product":"Oversized Women T-Shirt","email":"ksanchez62@reuters.com","status":"Completed","date":"7/25/2015","price":"$358.56"},
{"id":220,"number":"61958-1002","customer":"Jesse Schmidt","product":"Lenovo IdeaCentre 600 All-in-One PC","email":"jschmidt63@dot.gov","status":"Completed","date":"6/14/2015","price":"$309.77"},
{"id":221,"number":"36987-1437","customer":"Emily Gonzalez","product":"Lenevo computer","email":"egonzalez64@phoca.cz","status":"New","date":"9/24/2015","price":"$368.72"},
{"id":222,"number":"46123-018","customer":"Carlos Thomas","product":"If You Wait","email":"cthomas65@tuttocitta.it","status":"New","date":"4/2/2015","price":"$486.28"},
{"id":223,"number":"30142-085","customer":"Matthew Flores","product":"Portable Sound Speakers","email":"mflores66@parallels.com","status":"New","date":"2/2/2015","price":"$302.56"},
{"id":224,"number":"59630-309","customer":"Janice Cunningham","product":"Digital Storm Performance PC","email":"jcunningham67@tinyurl.com","status":"Completed","date":"2/26/2015","price":"$245.63"},
{"id":225,"number":"59148-007","customer":"Jessica Webb","product":"Lenevo computer","email":"jwebb68@amazon.co.uk","status":"New","date":"5/6/2015","price":"$377.00"},
{"id":226,"number":"62742-4044","customer":"Lisa Wood","product":"HP Spectre XT Pro UltraBook","email":"lwood69@economist.com","status":"Completed","date":"1/23/2015","price":"$265.96"},
{"id":227,"number":"53808-0838","customer":"Doris Ford","product":"Elegant Gemstone Necklace","email":"dford6a@unc.edu","status":"New","date":"3/31/2015","price":"$102.05"},
{"id":228,"number":"60429-257","customer":"Andrew Robertson","product":"Nikon D5500 DSLR - Red","email":"arobertson6b@slideshare.net","status":"New","date":"10/3/2015","price":"$440.68"},
{"id":229,"number":"0904-6315","customer":"Ernest Rivera","product":"Nikon D5500 DSLR - Black","email":"erivera6c@apple.com","status":"New","date":"8/26/2015","price":"$167.35"},
{"id":230,"number":"0338-0118","customer":"Emily Jenkins","product":"If You Wait","email":"ejenkins6d@friendfeed.com","status":"New","date":"9/10/2015","price":"$101.95"},
{"id":231,"number":"51655-561","customer":"Shawn Medina","product":"Fahrenheit 451 by Ray Bradbury","email":"smedina6e@omniture.com","status":"New","date":"5/25/2015","price":"$322.18"},
{"id":232,"number":"57319-344","customer":"Andrew Wilson","product":"Flower Girl Bracelet","email":"awilson6f@nydailynews.com","status":"New","date":"3/4/2015","price":"$414.74"},
{"id":233,"number":"59676-320","customer":"Rachel Mendoza","product":"Leica T Mirrorless Digital Camera","email":"rmendoza6g@de.vu","status":"New","date":"3/11/2015","price":"$112.48"},
{"id":234,"number":"11673-616","customer":"Douglas Black","product":"Nikon D5500 DSLR","email":"dblack6h@dailymail.co.uk","status":"New","date":"11/3/2015","price":"$357.19"},
{"id":235,"number":"17429-010","customer":"Patricia Torres","product":"Portable Sound Speakers","email":"ptorres6i@liveinternet.ru","status":"Completed","date":"1/29/2015","price":"$198.73"},
{"id":236,"number":"25237-0517","customer":"Billy Robinson","product":"Elegant Gemstone Necklace","email":"brobinson6j@tiny.cc","status":"New","date":"10/14/2015","price":"$326.12"},
{"id":237,"number":"10014-003","customer":"Samuel Jones","product":"Digital Storm Performance PC","email":"sjones6k@sourceforge.net","status":"New","date":"9/8/2015","price":"$131.61"},
{"id":238,"number":"36987-1874","customer":"George Collins","product":"If You Wait","email":"gcollins6l@constantcontact.com","status":"Completed","date":"7/15/2015","price":"$415.05"},
{"id":239,"number":"0869-0434","customer":"Eugene Sims","product":"If You Wait","email":"esims6m@oaic.gov.au","status":"New","date":"10/16/2015","price":"$260.59"},
{"id":240,"number":"24488-003","customer":"Carl Armstrong","product":"HP Envy 6-1180ca Sleekbook","email":"carmstrong6n@ustream.tv","status":"New","date":"1/13/2015","price":"$262.65"},
{"id":241,"number":"54868-4637","customer":"Louise Richards","product":"If You Wait","email":"lrichards6o@vinaora.com","status":"New","date":"9/28/2015","price":"$298.06"},
{"id":242,"number":"50845-0047","customer":"Sarah Williams","product":"Nike Floral Running Shoes","email":"swilliams6p@hao123.com","status":"New","date":"10/9/2015","price":"$214.87"},
{"id":243,"number":"54868-6043","customer":"James Baker","product":"Elegant Gemstone Necklace","email":"jbaker6q@github.com","status":"New","date":"11/3/2015","price":"$297.87"},
{"id":244,"number":"21695-140","customer":"Ashley Gray","product":"Lenovo IdeaCentre 600 All-in-One PC","email":"agray6r@bandcamp.com","status":"New","date":"5/19/2015","price":"$427.63"},
{"id":245,"number":"62175-888","customer":"Eugene Murray","product":"Oversized Women T-Shirt","email":"emurray6s@hatena.ne.jp","status":"New","date":"6/20/2015","price":"$132.03"},
{"id":246,"number":"63941-249","customer":"Gregory West","product":"Nikon D5500 DSLR - Black","email":"gwest6t@si.edu","status":"Completed","date":"7/17/2015","price":"$277.18"},
{"id":247,"number":"49349-726","customer":"Karen Hughes","product":"Obey Propaganda Hat","email":"khughes6u@cbc.ca","status":"New","date":"6/2/2015","price":"$372.85"},
{"id":248,"number":"55301-044","customer":"Martin Black","product":"HP Spectre XT Pro UltraBook","email":"mblack6v@domainmarket.com","status":"New","date":"5/15/2015","price":"$120.94"},
{"id":249,"number":"13668-135","customer":"Janet Gutierrez","product":"Leica T Mirrorless Digital Camera","email":"jgutierrez6w@hao123.com","status":"Completed","date":"5/14/2015","price":"$388.30"},
{"id":250,"number":"55505-167","customer":"Pamela Russell","product":"Lenovo IdeaCentre 600 All-in-One PC","email":"prussell6x@slashdot.org","status":"Completed","date":"9/11/2015","price":"$212.33"},
{"id":251,"number":"22431-127","customer":"Randy Washington","product":"Oversized Women T-Shirt","email":"rwashington6y@irs.gov","status":"Completed","date":"6/26/2015","price":"$354.51"},
{"id":252,"number":"35356-470","customer":"Kevin Martin","product":"First Prize Pies","email":"kmartin6z@eventbrite.com","status":"Completed","date":"2/7/2015","price":"$351.47"},
{"id":253,"number":"48951-8160","customer":"Jesse Walker","product":"Nike Floral Running Shoes","email":"jwalker70@blogtalkradio.com","status":"New","date":"8/10/2015","price":"$255.91"},
{"id":254,"number":"0087-6073","customer":"Kelly Cole","product":"Night Visions","email":"kcole71@unblog.fr","status":"New","date":"2/10/2015","price":"$330.08"},
{"id":255,"number":"49999-032","customer":"Wayne Jackson","product":"Lenovo Thinkpad X1 Carbon Laptop","email":"wjackson72@vinaora.com","status":"Completed","date":"2/10/2015","price":"$430.47"},
{"id":256,"number":"68196-306","customer":"Albert Lawrence","product":"Nikon D5500 DSLR - Black","email":"alawrence73@un.org","status":"New","date":"5/17/2015","price":"$380.75"},
{"id":257,"number":"37012-296","customer":"Billy Montgomery","product":"Digital Storm Performance PC","email":"bmontgomery74@chronoengine.com","status":"New","date":"1/11/2015","price":"$392.41"},
{"id":258,"number":"57664-633","customer":"Ruby Bowman","product":"Portable Sound Speakers","email":"rbowman75@acquirethisname.com","status":"Completed","date":"10/13/2015","price":"$396.30"},
{"id":259,"number":"55289-093","customer":"Jeremy Brown","product":"Leica T Mirrorless Digital Camera","email":"jbrown76@domainmarket.com","status":"New","date":"7/6/2015","price":"$103.68"},
{"id":260,"number":"62670-4823","customer":"Sandra Marshall","product":"First Prize Pies","email":"smarshall77@bluehost.com","status":"Completed","date":"8/8/2015","price":"$429.64"},
{"id":261,"number":"53808-0823","customer":"Douglas Jacobs","product":"Levi's 511 Jeans","email":"djacobs78@sbwire.com","status":"Completed","date":"7/31/2015","price":"$211.70"},
{"id":262,"number":"63548-0007","customer":"William Wilson","product":"HP Spectre XT Pro UltraBook","email":"wwilson79@slate.com","status":"Completed","date":"8/27/2015","price":"$102.40"},
{"id":263,"number":"63777-223","customer":"Pamela Porter","product":"Lenovo Thinkpad X1 Carbon Laptop","email":"pporter7a@va.gov","status":"New","date":"12/8/2014","price":"$460.36"},
{"id":264,"number":"50563-300","customer":"Joe Thompson","product":"Nikon D5500 DSLR - Black","email":"jthompson7b@cafepress.com","status":"New","date":"6/10/2015","price":"$178.76"},
{"id":265,"number":"49738-798","customer":"Cynthia Stanley","product":"Nikon D5500 DSLR - Red","email":"cstanley7c@tripadvisor.com","status":"New","date":"4/11/2015","price":"$436.75"},
{"id":266,"number":"10544-447","customer":"Mary Thompson","product":"HP Spectre XT Pro UltraBook","email":"mthompson7d@a8.net","status":"New","date":"7/2/2015","price":"$153.18"},
{"id":267,"number":"68196-915","customer":"Dennis Hudson","product":"Lenovo IdeaCentre 600 All-in-One PC","email":"dhudson7e@dailymotion.com","status":"New","date":"8/26/2015","price":"$372.75"},
{"id":268,"number":"64009-334","customer":"John Gonzalez","product":"Obey Propaganda Hat","email":"jgonzalez7f@php.net","status":"New","date":"1/2/2015","price":"$410.18"},
{"id":269,"number":"0591-0862","customer":"Joyce Turner","product":"Night Visions","email":"jturner7g@whitehouse.gov","status":"New","date":"11/4/2015","price":"$362.72"},
{"id":270,"number":"67711-001","customer":"Julia Hart","product":"HTC One M8 Android L 5.0 Lollipop","email":"jhart7h@fotki.com","status":"Completed","date":"8/29/2015","price":"$117.16"},
{"id":271,"number":"36987-3130","customer":"Katherine Murphy","product":"Lenevo computer","email":"kmurphy7i@uiuc.edu","status":"New","date":"11/13/2015","price":"$477.17"},
{"id":272,"number":"13668-132","customer":"Jacqueline Hunt","product":"If You Wait","email":"jhunt7j@netscape.com","status":"Completed","date":"11/21/2015","price":"$137.37"},
{"id":273,"number":"0641-6120","customer":"Phyllis Hughes","product":"Nike Floral Running Shoes","email":"phughes7k@theatlantic.com","status":"Completed","date":"3/7/2015","price":"$463.77"},
{"id":274,"number":"54473-578","customer":"Charles Howell","product":"Nikon D5500 DSLR - Red","email":"chowell7l@msn.com","status":"New","date":"4/13/2015","price":"$227.93"},
{"id":275,"number":"14783-438","customer":"Amy Welch","product":"HP Spectre XT Pro UltraBook","email":"awelch7m@ucoz.com","status":"New","date":"10/17/2015","price":"$134.29"},
{"id":276,"number":"65121-496","customer":"Jane Boyd","product":"HP Envy 6-1180ca Sleekbook","email":"jboyd7n@ihg.com","status":"Completed","date":"4/13/2015","price":"$449.58"},
{"id":277,"number":"0093-8118","customer":"Craig Ward","product":"Oversized Women T-Shirt","email":"cward7o@typepad.com","status":"New","date":"4/28/2015","price":"$319.50"},
{"id":278,"number":"68113-720","customer":"Philip Myers","product":"Night Visions","email":"pmyers7p@digg.com","status":"New","date":"6/27/2015","price":"$221.05"},
{"id":279,"number":"67467-643","customer":"Bonnie Stone","product":"Portable Sound Speakers","email":"bstone7q@myspace.com","status":"New","date":"2/28/2015","price":"$152.62"},
{"id":280,"number":"49288-0615","customer":"Norma Perkins","product":"Night Visions","email":"nperkins7r@vinaora.com","status":"New","date":"3/6/2015","price":"$362.72"},
{"id":281,"number":"11994-128","customer":"Elizabeth Chavez","product":"Fahrenheit 451 by Ray Bradbury","email":"echavez7s@facebook.com","status":"New","date":"8/2/2015","price":"$430.57"},
{"id":282,"number":"49349-067","customer":"Arthur Stephens","product":"Levi's 511 Jeans","email":"astephens7t@jimdo.com","status":"New","date":"2/24/2015","price":"$446.69"},
{"id":283,"number":"44911-0059","customer":"Nicole Montgomery","product":"First Prize Pies","email":"nmontgomery7u@wiley.com","status":"New","date":"11/13/2015","price":"$165.67"},
{"id":284,"number":"59800-0974","customer":"Laura Welch","product":"Lenevo computer","email":"lwelch7v@cbslocal.com","status":"New","date":"2/25/2015","price":"$277.77"},
{"id":285,"number":"0008-0407","customer":"Andrew Perkins","product":"Night Visions","email":"aperkins7w@china.com.cn","status":"Completed","date":"10/31/2015","price":"$180.74"},
{"id":286,"number":"62839-1104","customer":"Ruth Wells","product":"Lenovo IdeaCentre 600 All-in-One PC","email":"rwells7x@msu.edu","status":"Completed","date":"2/17/2015","price":"$130.14"},
{"id":287,"number":"35356-907","customer":"Phillip Edwards","product":"Nikon D5500 DSLR - Black","email":"pedwards7y@bing.com","status":"Completed","date":"12/14/2014","price":"$244.53"},
{"id":288,"number":"68169-0012","customer":"David Baker","product":"Nikon D5500 DSLR - Red","email":"dbaker7z@google.com.au","status":"Completed","date":"6/1/2015","price":"$249.14"},
{"id":289,"number":"62936-0042","customer":"Henry Franklin","product":"Nokia Lumia 1020","email":"hfranklin80@bloomberg.com","status":"Completed","date":"12/1/2014","price":"$488.64"},
{"id":290,"number":"0395-2325","customer":"Julia Hughes","product":"HP Spectre XT Pro UltraBook","email":"jhughes81@slashdot.org","status":"Completed","date":"8/7/2015","price":"$430.10"},
{"id":291,"number":"53808-0949","customer":"Harry Graham","product":"HTC One Mini Blue","email":"hgraham82@live.com","status":"Completed","date":"7/9/2015","price":"$406.88"},
{"id":292,"number":"35356-917","customer":"Pamela Reynolds","product":"Nikon D5500 DSLR - Red","email":"preynolds83@t-online.de","status":"New","date":"8/15/2015","price":"$273.74"},
{"id":293,"number":"13537-420","customer":"Carl Chapman","product":"Lenovo Thinkpad X1 Carbon Laptop","email":"cchapman84@nsw.gov.au","status":"Completed","date":"12/25/2014","price":"$210.40"},
{"id":294,"number":"44087-1150","customer":"Jane Perkins","product":"First Prize Pies","email":"jperkins85@purevolume.com","status":"New","date":"6/5/2015","price":"$284.70"},
{"id":295,"number":"51079-547","customer":"Maria Murray","product":"Digital Storm Performance PC","email":"mmurray86@oracle.com","status":"Completed","date":"8/9/2015","price":"$243.46"},
{"id":296,"number":"55154-4623","customer":"Lois Fowler","product":"Lenovo IdeaCentre 600 All-in-One PC","email":"lfowler87@weather.com","status":"Completed","date":"5/17/2015","price":"$119.12"},
{"id":297,"number":"36000-003","customer":"Frank Dixon","product":"HTC One Mini Blue","email":"fdixon88@example.com","status":"New","date":"12/13/2014","price":"$150.30"},
{"id":298,"number":"24236-300","customer":"Willie Hughes","product":"Lenevo computer","email":"whughes89@washingtonpost.com","status":"New","date":"11/28/2015","price":"$346.53"},
{"id":299,"number":"0173-0562","customer":"Doris Gomez","product":"Obey Propaganda Hat","email":"dgomez8a@hibu.com","status":"Completed","date":"6/29/2015","price":"$448.76"},
{"id":300,"number":"68084-623","customer":"Sharon Snyder","product":"Lenevo computer","email":"ssnyder8b@mapy.cz","status":"Completed","date":"1/6/2015","price":"$406.58"},
{"id":301,"number":"48951-1005","customer":"Scott Young","product":"Digital Storm Performance PC","email":"syoung8c@pcworld.com","status":"New","date":"3/18/2015","price":"$458.55"},
{"id":302,"number":"63824-185","customer":"Tammy Palmer","product":"Portable Sound Speakers","email":"tpalmer8d@vistaprint.com","status":"Completed","date":"7/11/2015","price":"$476.37"},
{"id":303,"number":"17089-453","customer":"Justin Vasquez","product":"Oversized Women T-Shirt","email":"jvasquez8e@theglobeandmail.com","status":"Completed","date":"10/5/2015","price":"$168.54"},
{"id":304,"number":"57691-564","customer":"Michelle Allen","product":"Nikon D5500 DSLR - Red","email":"mallen8f@odnoklassniki.ru","status":"Completed","date":"12/21/2014","price":"$288.79"},
{"id":305,"number":"37808-689","customer":"Antonio Lynch","product":"Leica T Mirrorless Digital Camera","email":"alynch8g@epa.gov","status":"Completed","date":"6/23/2015","price":"$313.24"},
{"id":306,"number":"36987-2023","customer":"Theresa Wagner","product":"Night Visions","email":"twagner8h@google.de","status":"Completed","date":"7/14/2015","price":"$166.79"},
{"id":307,"number":"55154-1831","customer":"Thomas Richardson","product":"Elegant Gemstone Necklace","email":"trichardson8i@ucsd.edu","status":"New","date":"12/5/2014","price":"$382.98"},
{"id":308,"number":"55312-688","customer":"Amanda Henry","product":"Leica T Mirrorless Digital Camera","email":"ahenry8j@ebay.co.uk","status":"New","date":"3/7/2015","price":"$465.04"},
{"id":309,"number":"42291-226","customer":"Katherine Cooper","product":"HTC One Mini Blue","email":"kcooper8k@seattletimes.com","status":"Completed","date":"8/7/2015","price":"$138.75"},
{"id":310,"number":"55154-4920","customer":"Lois Howell","product":"Lenovo IdeaCentre 600 All-in-One PC","email":"lhowell8l@columbia.edu","status":"Completed","date":"2/1/2015","price":"$443.02"},
{"id":311,"number":"49035-558","customer":"Amy Freeman","product":"Levi's 511 Jeans","email":"afreeman8m@washington.edu","status":"Completed","date":"11/23/2015","price":"$352.98"},
{"id":312,"number":"55045-3598","customer":"Jeremy Burns","product":"Nikon D5500 DSLR - Black","email":"jburns8n@comcast.net","status":"Completed","date":"3/16/2015","price":"$400.93"},
{"id":313,"number":"22100-020","customer":"Sarah Bryant","product":"Custom T-Shirt","email":"sbryant8o@wufoo.com","status":"New","date":"5/28/2015","price":"$478.11"},
{"id":314,"number":"49999-097","customer":"Kathleen Foster","product":"Fahrenheit 451 by Ray Bradbury","email":"kfoster8p@hhs.gov","status":"Completed","date":"11/1/2015","price":"$484.88"},
{"id":315,"number":"43319-030","customer":"Roger Watkins","product":"HTC One Mini Blue","email":"rwatkins8q@friendfeed.com","status":"Completed","date":"10/5/2015","price":"$200.89"},
{"id":316,"number":"30142-227","customer":"Robert Chavez","product":"HTC One M8 Android L 5.0 Lollipop","email":"rchavez8r@washington.edu","status":"Completed","date":"1/12/2015","price":"$400.67"},
{"id":317,"number":"0268-0285","customer":"Ralph Williams","product":"HP Envy 6-1180ca Sleekbook","email":"rwilliams8s@dailymotion.com","status":"Completed","date":"10/5/2015","price":"$463.65"},
{"id":318,"number":"53217-009","customer":"Philip Stevens","product":"Leica T Mirrorless Digital Camera","email":"pstevens8t@mac.com","status":"New","date":"4/10/2015","price":"$346.31"},
{"id":319,"number":"0378-0541","customer":"Todd Baker","product":"Nike Floral Running Shoes","email":"tbaker8u@mail.ru","status":"New","date":"4/3/2015","price":"$102.17"},
{"id":320,"number":"61601-1131","customer":"George Ruiz","product":"HTC One Mini Blue","email":"gruiz8v@ucla.edu","status":"New","date":"12/6/2014","price":"$176.61"},
{"id":321,"number":"50988-171","customer":"Martin Sullivan","product":"Digital Storm Performance PC","email":"msullivan8w@nsw.gov.au","status":"New","date":"9/19/2015","price":"$335.09"},
{"id":322,"number":"63629-1392","customer":"Paula Johnson","product":"Flower Girl Bracelet","email":"pjohnson8x@ucoz.ru","status":"Completed","date":"1/11/2015","price":"$122.04"},
{"id":323,"number":"24236-412","customer":"Wayne Rose","product":"Levi's 511 Jeans","email":"wrose8y@cornell.edu","status":"Completed","date":"3/19/2015","price":"$216.70"},
{"id":324,"number":"52125-698","customer":"Karen Young","product":"Nikon D5500 DSLR - Black","email":"kyoung8z@wikipedia.org","status":"Completed","date":"10/13/2015","price":"$145.11"},
{"id":325,"number":"10544-605","customer":"Anna Bishop","product":"Levi's 511 Jeans","email":"abishop90@github.com","status":"Completed","date":"1/30/2015","price":"$278.29"},
{"id":326,"number":"41163-104","customer":"Maria Alvarez","product":"HP Envy 6-1180ca Sleekbook","email":"malvarez91@webnode.com","status":"Completed","date":"12/2/2014","price":"$228.26"},
{"id":327,"number":"64376-657","customer":"Carl Powell","product":"Night Visions","email":"cpowell92@prnewswire.com","status":"Completed","date":"11/22/2015","price":"$435.42"},
{"id":328,"number":"48951-8206","customer":"Louise Rodriguez","product":"Obey Propaganda Hat","email":"lrodriguez93@bbc.co.uk","status":"Completed","date":"8/19/2015","price":"$200.89"},
{"id":329,"number":"42507-477","customer":"Anna Day","product":"Fahrenheit 451 by Ray Bradbury","email":"aday94@linkedin.com","status":"Completed","date":"7/21/2015","price":"$418.81"},
{"id":330,"number":"46122-213","customer":"Amanda Wells","product":"HTC One Mini Blue","email":"awells95@blogs.com","status":"New","date":"8/6/2015","price":"$221.07"},
{"id":331,"number":"43386-312","customer":"Sara Peters","product":"Lenevo computer","email":"speters96@instagram.com","status":"New","date":"7/14/2015","price":"$321.13"},
{"id":332,"number":"50685-005","customer":"Carol Russell","product":"Nikon D5500 DSLR - Red","email":"crussell97@youtube.com","status":"New","date":"5/22/2015","price":"$298.35"},
{"id":333,"number":"48951-5008","customer":"Bruce Lee","product":"First Prize Pies","email":"blee98@altervista.org","status":"Completed","date":"10/8/2015","price":"$220.65"},
{"id":334,"number":"16714-335","customer":"Evelyn Hudson","product":"Nike Floral Running Shoes","email":"ehudson99@surveymonkey.com","status":"Completed","date":"7/10/2015","price":"$377.73"},
{"id":335,"number":"50436-3919","customer":"Sara Hudson","product":"Flower Girl Bracelet","email":"shudson9a@oracle.com","status":"Completed","date":"8/12/2015","price":"$181.12"},
{"id":336,"number":"52685-349","customer":"Laura Baker","product":"Nikon D5500 DSLR","email":"lbaker9b@whitehouse.gov","status":"Completed","date":"6/10/2015","price":"$326.44"},
{"id":337,"number":"49349-541","customer":"Deborah Ruiz","product":"Lenevo computer","email":"druiz9c@archive.org","status":"New","date":"7/17/2015","price":"$147.28"},
{"id":338,"number":"55910-355","customer":"Judy Hanson","product":"Lenovo IdeaCentre 600 All-in-One PC","email":"jhanson9d@hexun.com","status":"New","date":"6/18/2015","price":"$289.22"},
{"id":339,"number":"67544-021","customer":"Chris Lewis","product":"First Prize Pies","email":"clewis9e@noaa.gov","status":"Completed","date":"6/9/2015","price":"$236.85"},
{"id":340,"number":"46122-173","customer":"Ashley Carr","product":"Flower Girl Bracelet","email":"acarr9f@jiathis.com","status":"Completed","date":"10/1/2015","price":"$370.59"},
{"id":341,"number":"37205-731","customer":"Lawrence Weaver","product":"Custom T-Shirt","email":"lweaver9g@comcast.net","status":"Completed","date":"8/7/2015","price":"$307.00"},
{"id":342,"number":"68151-1418","customer":"Kathleen Richardson","product":"Oversized Women T-Shirt","email":"krichardson9h@dyndns.org","status":"Completed","date":"3/5/2015","price":"$421.52"},
{"id":343,"number":"55316-599","customer":"Antonio Robinson","product":"Custom T-Shirt","email":"arobinson9i@constantcontact.com","status":"Completed","date":"4/2/2015","price":"$389.89"},
{"id":344,"number":"55154-0913","customer":"Kelly Ortiz","product":"HTC One M8 Android L 5.0 Lollipop","email":"kortiz9j@blogs.com","status":"Completed","date":"12/2/2014","price":"$112.42"},
{"id":345,"number":"54569-5746","customer":"Cheryl Collins","product":"Lenevo computer","email":"ccollins9k@canalblog.com","status":"New","date":"4/25/2015","price":"$203.17"},
{"id":346,"number":"15370-031","customer":"Jerry Sullivan","product":"Leica T Mirrorless Digital Camera","email":"jsullivan9l@time.com","status":"Completed","date":"8/4/2015","price":"$487.96"},
{"id":347,"number":"67172-013","customer":"Lawrence Ramirez","product":"Lenovo IdeaCentre 600 All-in-One PC","email":"lramirez9m@booking.com","status":"New","date":"6/17/2015","price":"$241.13"},
{"id":348,"number":"55154-6637","customer":"Cynthia Owens","product":"Nokia Lumia 1020","email":"cowens9n@about.me","status":"New","date":"7/30/2015","price":"$260.77"},
{"id":349,"number":"53389-562","customer":"Paul Hansen","product":"Night Visions","email":"phansen9o@pbs.org","status":"New","date":"8/11/2015","price":"$452.10"},
{"id":350,"number":"53329-004","customer":"Russell Greene","product":"Levi's 511 Jeans","email":"rgreene9p@hp.com","status":"Completed","date":"4/22/2015","price":"$410.67"},
{"id":351,"number":"37808-117","customer":"Teresa Fisher","product":"Portable Sound Speakers","email":"tfisher9q@springer.com","status":"Completed","date":"1/24/2015","price":"$425.96"},
{"id":352,"number":"76329-3015","customer":"Edward Gardner","product":"Digital Storm Performance PC","email":"egardner9r@1688.com","status":"Completed","date":"6/26/2015","price":"$469.71"},
{"id":353,"number":"36987-2242","customer":"Cheryl Freeman","product":"Nike Floral Running Shoes","email":"cfreeman9s@dell.com","status":"New","date":"3/20/2015","price":"$300.87"},
{"id":354,"number":"52533-161","customer":"Peter Rose","product":"Oversized Women T-Shirt","email":"prose9t@plala.or.jp","status":"Completed","date":"10/30/2015","price":"$256.73"},
{"id":355,"number":"55910-078","customer":"Rachel Arnold","product":"Levi's 511 Jeans","email":"rarnold9u@over-blog.com","status":"New","date":"9/7/2015","price":"$295.57"},
{"id":356,"number":"63868-764","customer":"Marilyn Ward","product":"Lenovo IdeaCentre 600 All-in-One PC","email":"mward9v@a8.net","status":"Completed","date":"9/28/2015","price":"$322.47"},
{"id":357,"number":"68001-220","customer":"Sara West","product":"Custom T-Shirt","email":"swest9w@reuters.com","status":"New","date":"8/8/2015","price":"$158.91"},
{"id":358,"number":"49035-341","customer":"Evelyn Bennett","product":"Nike Floral Running Shoes","email":"ebennett9x@imageshack.us","status":"Completed","date":"1/4/2015","price":"$249.29"},
{"id":359,"number":"68026-502","customer":"Doris Perry","product":"Portable Sound Speakers","email":"dperry9y@webs.com","status":"Completed","date":"5/7/2015","price":"$101.04"},
{"id":360,"number":"57520-0343","customer":"Sharon Miller","product":"Nokia Lumia 1020","email":"smiller9z@csmonitor.com","status":"Completed","date":"5/15/2015","price":"$155.19"},
{"id":361,"number":"68472-101","customer":"Nicole Sullivan","product":"Custom T-Shirt","email":"nsullivana0@java.com","status":"Completed","date":"10/11/2015","price":"$349.07"},
{"id":362,"number":"37000-070","customer":"Barbara Little","product":"Lenevo computer","email":"blittlea1@altervista.org","status":"New","date":"2/12/2015","price":"$477.20"},
{"id":363,"number":"52685-306","customer":"Lawrence Peterson","product":"Oversized Women T-Shirt","email":"lpetersona2@wsj.com","status":"Completed","date":"12/24/2014","price":"$382.92"},
{"id":364,"number":"42002-201","customer":"Kimberly Bailey","product":"Lenovo Thinkpad X1 Carbon Laptop","email":"kbaileya3@newyorker.com","status":"New","date":"10/26/2015","price":"$149.54"},
{"id":365,"number":"48951-5041","customer":"Gary Welch","product":"Oversized Women T-Shirt","email":"gwelcha4@umn.edu","status":"Completed","date":"4/2/2015","price":"$225.77"},
{"id":366,"number":"65162-751","customer":"Laura Myers","product":"Flower Girl Bracelet","email":"lmyersa5@jugem.jp","status":"New","date":"10/13/2015","price":"$112.46"},
{"id":367,"number":"53150-317","customer":"Dorothy Hunt","product":"Custom T-Shirt","email":"dhunta6@jalbum.net","status":"Completed","date":"7/27/2015","price":"$441.40"},
{"id":368,"number":"65862-582","customer":"Daniel Collins","product":"Oversized Women T-Shirt","email":"dcollinsa7@un.org","status":"New","date":"9/5/2015","price":"$109.41"},
{"id":369,"number":"42192-608","customer":"Gregory Simmons","product":"Leica T Mirrorless Digital Camera","email":"gsimmonsa8@nyu.edu","status":"Completed","date":"12/13/2014","price":"$393.59"},
{"id":370,"number":"36987-1664","customer":"Ruth Campbell","product":"Digital Storm Performance PC","email":"rcampbella9@wiley.com","status":"New","date":"3/5/2015","price":"$387.50"},
{"id":371,"number":"37000-772","customer":"Victor Rice","product":"Fahrenheit 451 by Ray Bradbury","email":"vriceaa@jigsy.com","status":"New","date":"10/26/2015","price":"$324.12"},
{"id":372,"number":"0143-1765","customer":"Adam Hill","product":"Nikon D5500 DSLR - Black","email":"ahillab@4shared.com","status":"Completed","date":"1/20/2015","price":"$386.34"},
{"id":373,"number":"76214-031","customer":"Pamela Schmidt","product":"HP Envy 6-1180ca Sleekbook","email":"pschmidtac@plala.or.jp","status":"Completed","date":"8/29/2015","price":"$158.33"},
{"id":374,"number":"76485-1022","customer":"Alan Davis","product":"Lenevo computer","email":"adavisad@digg.com","status":"New","date":"10/24/2015","price":"$265.24"},
{"id":375,"number":"48951-2007","customer":"Beverly Wagner","product":"Elegant Gemstone Necklace","email":"bwagnerae@mashable.com","status":"New","date":"12/25/2014","price":"$344.21"},
{"id":376,"number":"62032-113","customer":"Jerry White","product":"Oversized Women T-Shirt","email":"jwhiteaf@xrea.com","status":"Completed","date":"4/3/2015","price":"$336.88"},
{"id":377,"number":"51531-9059","customer":"Paul Mills","product":"HTC One M8 Android L 5.0 Lollipop","email":"pmillsag@taobao.com","status":"New","date":"11/11/2015","price":"$271.78"},
{"id":378,"number":"0113-0692","customer":"Rebecca Alexander","product":"Lenevo computer","email":"ralexanderah@sbwire.com","status":"New","date":"10/28/2015","price":"$449.54"},
{"id":379,"number":"76214-021","customer":"Matthew Rodriguez","product":"Levi's 511 Jeans","email":"mrodriguezai@google.com","status":"New","date":"6/6/2015","price":"$423.24"},
{"id":380,"number":"41250-226","customer":"Carlos Ortiz","product":"Digital Storm Performance PC","email":"cortizaj@themeforest.net","status":"Completed","date":"2/24/2015","price":"$360.14"},
{"id":381,"number":"68987-023","customer":"Martha Stone","product":"Flower Girl Bracelet","email":"mstoneak@businessinsider.com","status":"New","date":"1/20/2015","price":"$418.16"},
{"id":382,"number":"57955-0116","customer":"Antonio Grant","product":"Night Visions","email":"agrantal@fema.gov","status":"New","date":"12/22/2014","price":"$188.81"},
{"id":383,"number":"59779-620","customer":"Debra Harris","product":"Nikon D5500 DSLR - Black","email":"dharrisam@craigslist.org","status":"New","date":"10/16/2015","price":"$494.23"},
{"id":384,"number":"66213-200","customer":"Janice Kennedy","product":"Levi's 511 Jeans","email":"jkennedyan@skype.com","status":"Completed","date":"3/17/2015","price":"$470.73"},
{"id":385,"number":"36800-109","customer":"Fred Cruz","product":"First Prize Pies","email":"fcruzao@toplist.cz","status":"Completed","date":"12/8/2014","price":"$238.13"},
{"id":386,"number":"61734-021","customer":"Melissa Phillips","product":"Fahrenheit 451 by Ray Bradbury","email":"mphillipsap@naver.com","status":"Completed","date":"9/22/2015","price":"$206.66"},
{"id":387,"number":"62168-0847","customer":"Martin Vasquez","product":"HP Spectre XT Pro UltraBook","email":"mvasquezaq@earthlink.net","status":"Completed","date":"1/4/2015","price":"$487.06"},
{"id":388,"number":"55154-4031","customer":"Dorothy Duncan","product":"Oversized Women T-Shirt","email":"dduncanar@bigcartel.com","status":"Completed","date":"10/5/2015","price":"$182.33"},
{"id":389,"number":"36987-1514","customer":"Wayne Cooper","product":"HP Spectre XT Pro UltraBook","email":"wcooperas@cnn.com","status":"Completed","date":"1/12/2015","price":"$446.92"},
{"id":390,"number":"61589-6010","customer":"Joyce Collins","product":"Obey Propaganda Hat","email":"jcollinsat@alibaba.com","status":"New","date":"11/2/2015","price":"$374.32"},
{"id":391,"number":"37000-006","customer":"Shawn Fernandez","product":"Lenovo Thinkpad X1 Carbon Laptop","email":"sfernandezau@myspace.com","status":"Completed","date":"9/29/2015","price":"$295.53"},
{"id":392,"number":"55714-4591","customer":"Emily Ford","product":"Elegant Gemstone Necklace","email":"efordav@mozilla.org","status":"Completed","date":"1/24/2015","price":"$157.05"},
{"id":393,"number":"36987-2266","customer":"Walter Stewart","product":"Flower Girl Bracelet","email":"wstewartaw@cloudflare.com","status":"Completed","date":"12/24/2014","price":"$186.84"},
{"id":394,"number":"0832-0400","customer":"Phillip Lawrence","product":"Lenovo IdeaCentre 600 All-in-One PC","email":"plawrenceax@psu.edu","status":"New","date":"12/29/2014","price":"$352.51"},
{"id":395,"number":"76280-231","customer":"Kenneth Ramirez","product":"Obey Propaganda Hat","email":"kramirezay@yahoo.co.jp","status":"New","date":"3/14/2015","price":"$216.09"},
{"id":396,"number":"63736-419","customer":"Denise Butler","product":"Portable Sound Speakers","email":"dbutleraz@huffingtonpost.com","status":"New","date":"5/30/2015","price":"$327.84"},
{"id":397,"number":"37205-577","customer":"Carlos Garcia","product":"Night Visions","email":"cgarciab0@constantcontact.com","status":"Completed","date":"8/26/2015","price":"$208.71"},
{"id":398,"number":"54868-4837","customer":"Craig Ross","product":"Flower Girl Bracelet","email":"crossb1@acquirethisname.com","status":"Completed","date":"5/5/2015","price":"$360.77"},
{"id":399,"number":"36987-2513","customer":"Phillip Gilbert","product":"Nikon D5500 DSLR - Red","email":"pgilbertb2@technorati.com","status":"Completed","date":"12/30/2014","price":"$349.07"},
{"id":400,"number":"63824-720","customer":"Carolyn Freeman","product":"HTC One Mini Blue","email":"cfreemanb3@cbsnews.com","status":"New","date":"8/11/2015","price":"$187.08"},
{"id":401,"number":"44087-0044","customer":"Roger Russell","product":"Fahrenheit 451 by Ray Bradbury","email":"rrussellb4@vistaprint.com","status":"Completed","date":"11/17/2015","price":"$208.77"},
{"id":402,"number":"51060-050","customer":"Benjamin Owens","product":"HP Envy 6-1180ca Sleekbook","email":"bowensb5@pcworld.com","status":"New","date":"9/25/2015","price":"$260.41"},
{"id":403,"number":"65923-012","customer":"Robert Carroll","product":"HTC One Mini Blue","email":"rcarrollb6@yelp.com","status":"Completed","date":"12/12/2014","price":"$279.31"},
{"id":404,"number":"53808-0650","customer":"Andrew Jackson","product":"Fahrenheit 451 by Ray Bradbury","email":"ajacksonb7@nsw.gov.au","status":"New","date":"2/3/2015","price":"$316.90"},
{"id":405,"number":"0378-2821","customer":"Jimmy Burton","product":"Elegant Gemstone Necklace","email":"jburtonb8@nytimes.com","status":"Completed","date":"5/26/2015","price":"$363.80"},
{"id":406,"number":"67234-008","customer":"Juan Perez","product":"HTC One M8 Android L 5.0 Lollipop","email":"jperezb9@boston.com","status":"Completed","date":"2/28/2015","price":"$452.14"},
{"id":407,"number":"60512-8034","customer":"Anthony Kennedy","product":"Digital Storm Performance PC","email":"akennedyba@homestead.com","status":"Completed","date":"6/20/2015","price":"$284.79"},
{"id":408,"number":"0904-6370","customer":"Melissa Olson","product":"Lenevo computer","email":"molsonbb@census.gov","status":"Completed","date":"8/2/2015","price":"$127.00"},
{"id":409,"number":"57520-0472","customer":"Kelly Reid","product":"Nikon D5500 DSLR","email":"kreidbc@is.gd","status":"Completed","date":"9/10/2015","price":"$465.94"},
{"id":410,"number":"0409-1660","customer":"Kelly Elliott","product":"Custom T-Shirt","email":"kelliottbd@nymag.com","status":"New","date":"12/7/2014","price":"$394.24"},
{"id":411,"number":"61077-047","customer":"Cynthia Warren","product":"HTC One Mini Blue","email":"cwarrenbe@ox.ac.uk","status":"Completed","date":"5/11/2015","price":"$245.90"},
{"id":412,"number":"76439-259","customer":"Jesse Morrison","product":"Nikon D5500 DSLR - Black","email":"jmorrisonbf@behance.net","status":"Completed","date":"8/16/2015","price":"$439.97"},
{"id":413,"number":"0378-7353","customer":"Phillip Morrison","product":"First Prize Pies","email":"pmorrisonbg@apache.org","status":"New","date":"12/25/2014","price":"$433.87"},
{"id":414,"number":"68084-736","customer":"Chris Gardner","product":"First Prize Pies","email":"cgardnerbh@so-net.ne.jp","status":"New","date":"6/7/2015","price":"$302.11"},
{"id":415,"number":"59220-4001","customer":"Karen Wells","product":"Nikon D5500 DSLR - Red","email":"kwellsbi@lycos.com","status":"New","date":"9/17/2015","price":"$486.24"},
{"id":416,"number":"0049-0530","customer":"Johnny Wood","product":"Portable Sound Speakers","email":"jwoodbj@theatlantic.com","status":"New","date":"5/15/2015","price":"$434.28"},
{"id":417,"number":"10157-8014","customer":"Rachel Lynch","product":"Nike Floral Running Shoes","email":"rlynchbk@nps.gov","status":"Completed","date":"12/27/2014","price":"$152.88"},
{"id":418,"number":"59746-383","customer":"Carl Stone","product":"Night Visions","email":"cstonebl@plala.or.jp","status":"Completed","date":"6/14/2015","price":"$434.73"},
{"id":419,"number":"64092-120","customer":"Beverly Reyes","product":"Lenevo computer","email":"breyesbm@google.cn","status":"New","date":"2/13/2015","price":"$303.40"},
{"id":420,"number":"30142-046","customer":"David Lee","product":"Nokia Lumia 1020","email":"dleebn@ucsd.edu","status":"Completed","date":"5/28/2015","price":"$166.18"},
{"id":421,"number":"67046-111","customer":"Nicholas Hanson","product":"Nokia Lumia 1020","email":"nhansonbo@marriott.com","status":"New","date":"4/13/2015","price":"$405.57"},
{"id":422,"number":"68788-9233","customer":"Earl Hart","product":"Obey Propaganda Hat","email":"ehartbp@pen.io","status":"Completed","date":"8/18/2015","price":"$283.71"},
{"id":423,"number":"53507-001","customer":"Fred Morris","product":"Nikon D5500 DSLR - Black","email":"fmorrisbq@slate.com","status":"Completed","date":"4/3/2015","price":"$354.55"},
{"id":424,"number":"0591-3193","customer":"Joan Mitchell","product":"Nike Floral Running Shoes","email":"jmitchellbr@soundcloud.com","status":"Completed","date":"5/3/2015","price":"$251.00"},
{"id":425,"number":"75862-003","customer":"Jeremy Banks","product":"Obey Propaganda Hat","email":"jbanksbs@networkadvertising.org","status":"New","date":"5/24/2015","price":"$483.02"},
{"id":426,"number":"65862-659","customer":"Eugene Kelley","product":"Portable Sound Speakers","email":"ekelleybt@stanford.edu","status":"New","date":"2/15/2015","price":"$428.08"},
{"id":427,"number":"0168-0014","customer":"Steven Woods","product":"Lenovo IdeaCentre 600 All-in-One PC","email":"swoodsbu@google.co.jp","status":"Completed","date":"11/4/2015","price":"$113.54"},
{"id":428,"number":"55154-6230","customer":"Rose Hanson","product":"Night Visions","email":"rhansonbv@psu.edu","status":"New","date":"12/1/2014","price":"$308.78"},
{"id":429,"number":"35356-883","customer":"Sean Meyer","product":"Portable Sound Speakers","email":"smeyerbw@columbia.edu","status":"Completed","date":"12/17/2014","price":"$189.94"},
{"id":430,"number":"21220-119","customer":"Clarence Fuller","product":"Elegant Gemstone Necklace","email":"cfullerbx@utexas.edu","status":"Completed","date":"3/30/2015","price":"$496.13"},
{"id":431,"number":"53329-067","customer":"Robin Scott","product":"Custom T-Shirt","email":"rscottby@vistaprint.com","status":"Completed","date":"6/11/2015","price":"$474.81"},
{"id":432,"number":"52125-575","customer":"John Tucker","product":"HTC One Mini Blue","email":"jtuckerbz@ucla.edu","status":"New","date":"3/30/2015","price":"$177.64"},
{"id":433,"number":"52125-060","customer":"Helen Mitchell","product":"HP Spectre XT Pro UltraBook","email":"hmitchellc0@examiner.com","status":"New","date":"10/20/2015","price":"$418.71"},
{"id":434,"number":"64720-135","customer":"Lois Brooks","product":"Lenevo computer","email":"lbrooksc1@imgur.com","status":"Completed","date":"10/29/2015","price":"$253.00"},
{"id":435,"number":"68647-169","customer":"Ryan Simmons","product":"Custom T-Shirt","email":"rsimmonsc2@imdb.com","status":"Completed","date":"1/17/2015","price":"$429.11"},
{"id":436,"number":"68788-0430","customer":"Justin Matthews","product":"HP Spectre XT Pro UltraBook","email":"jmatthewsc3@aol.com","status":"New","date":"9/14/2015","price":"$161.34"},
{"id":437,"number":"58668-4081","customer":"Amy Reyes","product":"Obey Propaganda Hat","email":"areyesc4@ox.ac.uk","status":"Completed","date":"4/16/2015","price":"$384.54"},
{"id":438,"number":"24488-003","customer":"Janice Webb","product":"Lenovo Thinkpad X1 Carbon Laptop","email":"jwebbc5@freewebs.com","status":"New","date":"11/2/2015","price":"$465.79"},
{"id":439,"number":"52959-009","customer":"Stephen Gilbert","product":"HP Spectre XT Pro UltraBook","email":"sgilbertc6@mysql.com","status":"New","date":"1/10/2015","price":"$424.04"},
{"id":440,"number":"10096-0199","customer":"Heather Nguyen","product":"Portable Sound Speakers","email":"hnguyenc7@reddit.com","status":"Completed","date":"4/11/2015","price":"$415.31"},
{"id":441,"number":"0615-5579","customer":"Patricia Palmer","product":"Leica T Mirrorless Digital Camera","email":"ppalmerc8@i2i.jp","status":"New","date":"3/20/2015","price":"$172.42"},
{"id":442,"number":"58232-0809","customer":"Charles Ramos","product":"HP Envy 6-1180ca Sleekbook","email":"cramosc9@istockphoto.com","status":"New","date":"7/31/2015","price":"$217.15"},
{"id":443,"number":"52125-084","customer":"Linda Powell","product":"Leica T Mirrorless Digital Camera","email":"lpowellca@sogou.com","status":"New","date":"3/11/2015","price":"$482.67"},
{"id":444,"number":"0168-0134","customer":"Daniel Diaz","product":"Flower Girl Bracelet","email":"ddiazcb@independent.co.uk","status":"Completed","date":"4/28/2015","price":"$222.47"},
{"id":445,"number":"49288-0086","customer":"Martha Meyer","product":"Custom T-Shirt","email":"mmeyercc@1und1.de","status":"Completed","date":"8/21/2015","price":"$492.09"},
{"id":446,"number":"59215-6143","customer":"Russell Hughes","product":"Levi's 511 Jeans","email":"rhughescd@mapquest.com","status":"New","date":"1/31/2015","price":"$493.32"},
{"id":447,"number":"68400-135","customer":"Joe Ellis","product":"Oversized Women T-Shirt","email":"jellisce@de.vu","status":"New","date":"11/30/2014","price":"$215.11"},
{"id":448,"number":"76282-249","customer":"Jeffrey Hughes","product":"Obey Propaganda Hat","email":"jhughescf@elpais.com","status":"Completed","date":"9/21/2015","price":"$382.66"},
{"id":449,"number":"60505-2575","customer":"Kevin Hansen","product":"Portable Sound Speakers","email":"khansencg@last.fm","status":"Completed","date":"2/19/2015","price":"$423.60"},
{"id":450,"number":"0469-2602","customer":"Doris Hill","product":"Levi's 511 Jeans","email":"dhillch@wunderground.com","status":"New","date":"6/4/2015","price":"$141.12"},
{"id":451,"number":"68151-1464","customer":"Jacqueline Stewart","product":"If You Wait","email":"jstewartci@blog.com","status":"New","date":"7/18/2015","price":"$362.96"},
{"id":452,"number":"55670-109","customer":"Lillian Evans","product":"Levi's 511 Jeans","email":"levanscj@columbia.edu","status":"New","date":"6/9/2015","price":"$394.03"},
{"id":453,"number":"41595-5519","customer":"Henry Griffin","product":"Portable Sound Speakers","email":"hgriffinck@myspace.com","status":"Completed","date":"10/17/2015","price":"$334.33"},
{"id":454,"number":"50383-803","customer":"Norma Martinez","product":"Night Visions","email":"nmartinezcl@trellian.com","status":"Completed","date":"3/10/2015","price":"$204.04"},
{"id":455,"number":"11822-0444","customer":"Carol Austin","product":"Leica T Mirrorless Digital Camera","email":"caustincm@columbia.edu","status":"Completed","date":"8/8/2015","price":"$480.49"},
{"id":456,"number":"0002-4115","customer":"Ralph Lynch","product":"Flower Girl Bracelet","email":"rlynchcn@mapquest.com","status":"Completed","date":"6/14/2015","price":"$343.13"},
{"id":457,"number":"41167-4255","customer":"Louis Pierce","product":"Elegant Gemstone Necklace","email":"lpierceco@ameblo.jp","status":"New","date":"12/7/2014","price":"$389.16"},
{"id":458,"number":"32909-770","customer":"Julie Porter","product":"Lenevo computer","email":"jportercp@vistaprint.com","status":"New","date":"11/8/2015","price":"$422.43"},
{"id":459,"number":"68382-010","customer":"Diane Hudson","product":"HP Spectre XT Pro UltraBook","email":"dhudsoncq@google.co.jp","status":"New","date":"5/2/2015","price":"$413.62"},
{"id":460,"number":"23155-055","customer":"Joe Hunter","product":"HTC One M8 Android L 5.0 Lollipop","email":"jhuntercr@163.com","status":"Completed","date":"2/15/2015","price":"$189.73"},
{"id":461,"number":"0093-2059","customer":"Kevin Vasquez","product":"Fahrenheit 451 by Ray Bradbury","email":"kvasquezcs@buzzfeed.com","status":"New","date":"8/1/2015","price":"$103.18"},
{"id":462,"number":"0268-3060","customer":"Fred Carr","product":"Leica T Mirrorless Digital Camera","email":"fcarrct@latimes.com","status":"Completed","date":"1/1/2015","price":"$115.03"},
{"id":463,"number":"49288-0617","customer":"Mark Perry","product":"Elegant Gemstone Necklace","email":"mperrycu@reddit.com","status":"New","date":"12/22/2014","price":"$132.28"},
{"id":464,"number":"0270-1317","customer":"Carlos Martinez","product":"HP Spectre XT Pro UltraBook","email":"cmartinezcv@amazon.de","status":"Completed","date":"9/19/2015","price":"$321.21"},
{"id":465,"number":"53208-460","customer":"Anne Lewis","product":"HTC One M8 Android L 5.0 Lollipop","email":"alewiscw@a8.net","status":"New","date":"8/11/2015","price":"$229.99"},
{"id":466,"number":"41520-123","customer":"Catherine Woods","product":"Nike Floral Running Shoes","email":"cwoodscx@taobao.com","status":"New","date":"6/15/2015","price":"$414.01"},
{"id":467,"number":"0268-0097","customer":"Adam Brown","product":"HP Spectre XT Pro UltraBook","email":"abrowncy@scribd.com","status":"Completed","date":"12/18/2014","price":"$128.38"},
{"id":468,"number":"0378-3634","customer":"Nicholas Meyer","product":"Levi's 511 Jeans","email":"nmeyercz@bizjournals.com","status":"Completed","date":"7/3/2015","price":"$193.70"},
{"id":469,"number":"63548-0046","customer":"Joseph Hicks","product":"Lenevo computer","email":"jhicksd0@marketwatch.com","status":"Completed","date":"3/31/2015","price":"$343.59"},
{"id":470,"number":"55154-7025","customer":"Gloria James","product":"If You Wait","email":"gjamesd1@oracle.com","status":"New","date":"11/26/2015","price":"$238.10"},
{"id":471,"number":"0049-2720","customer":"Timothy Cunningham","product":"HTC One Mini Blue","email":"tcunninghamd2@ovh.net","status":"New","date":"6/27/2015","price":"$399.63"},
{"id":472,"number":"43269-656","customer":"Virginia Lane","product":"Flower Girl Bracelet","email":"vlaned3@ed.gov","status":"Completed","date":"8/26/2015","price":"$205.22"},
{"id":473,"number":"49349-339","customer":"Maria Montgomery","product":"Elegant Gemstone Necklace","email":"mmontgomeryd4@liveinternet.ru","status":"New","date":"1/18/2015","price":"$177.32"},
{"id":474,"number":"36987-1978","customer":"Thomas Boyd","product":"Nokia Lumia 1020","email":"tboydd5@com.com","status":"Completed","date":"4/10/2015","price":"$296.48"},
{"id":475,"number":"55714-4402","customer":"Lori Mccoy","product":"Nokia Lumia 1020","email":"lmccoyd6@ebay.co.uk","status":"New","date":"12/11/2014","price":"$379.54"},
{"id":476,"number":"0406-8892","customer":"Doris Hawkins","product":"Flower Girl Bracelet","email":"dhawkinsd7@umich.edu","status":"Completed","date":"12/2/2014","price":"$291.61"},
{"id":477,"number":"42546-812","customer":"Teresa Carr","product":"HTC One Mini Blue","email":"tcarrd8@merriam-webster.com","status":"New","date":"3/21/2015","price":"$369.28"},
{"id":478,"number":"0126-0025","customer":"Phillip Wilson","product":"First Prize Pies","email":"pwilsond9@jimdo.com","status":"Completed","date":"9/8/2015","price":"$270.04"},
{"id":479,"number":"13734-107","customer":"Lillian West","product":"Flower Girl Bracelet","email":"lwestda@wunderground.com","status":"New","date":"3/6/2015","price":"$214.88"},
{"id":480,"number":"0093-0688","customer":"Daniel Smith","product":"HTC One Mini Blue","email":"dsmithdb@ucla.edu","status":"Completed","date":"11/21/2015","price":"$472.99"},
{"id":481,"number":"49288-0877","customer":"Ruby Ward","product":"If You Wait","email":"rwarddc@aboutads.info","status":"New","date":"6/13/2015","price":"$123.13"},
{"id":482,"number":"42507-145","customer":"William Evans","product":"Levi's 511 Jeans","email":"wevansdd@ycombinator.com","status":"New","date":"7/1/2015","price":"$409.72"},
{"id":483,"number":"34645-4188","customer":"Adam Knight","product":"Lenevo computer","email":"aknightde@amazon.de","status":"New","date":"3/15/2015","price":"$291.00"},
{"id":484,"number":"0456-3210","customer":"Jose Medina","product":"Oversized Women T-Shirt","email":"jmedinadf@harvard.edu","status":"Completed","date":"6/15/2015","price":"$273.76"},
{"id":485,"number":"55154-4949","customer":"Robert Rogers","product":"Nike Floral Running Shoes","email":"rrogersdg@uol.com.br","status":"Completed","date":"8/23/2015","price":"$493.13"},
{"id":486,"number":"11822-6150","customer":"Craig Knight","product":"HTC One M8 Android L 5.0 Lollipop","email":"cknightdh@issuu.com","status":"New","date":"5/18/2015","price":"$180.38"},
{"id":487,"number":"63981-111","customer":"Jean Ferguson","product":"HTC One Mini Blue","email":"jfergusondi@apache.org","status":"New","date":"4/7/2015","price":"$201.04"},
{"id":488,"number":"0168-0215","customer":"Brenda Lane","product":"Obey Propaganda Hat","email":"blanedj@ebay.com","status":"Completed","date":"8/10/2015","price":"$124.98"},
{"id":489,"number":"52125-746","customer":"Robert Fuller","product":"Nike Floral Running Shoes","email":"rfullerdk@tripod.com","status":"Completed","date":"5/12/2015","price":"$416.18"},
{"id":490,"number":"54868-5934","customer":"Lillian Ramirez","product":"Nokia Lumia 1020","email":"lramirezdl@china.com.cn","status":"Completed","date":"4/20/2015","price":"$495.92"},
{"id":491,"number":"60512-6152","customer":"Evelyn Garza","product":"Nikon D5500 DSLR - Red","email":"egarzadm@fc2.com","status":"Completed","date":"7/18/2015","price":"$373.53"},
{"id":492,"number":"68788-9122","customer":"Albert Wallace","product":"Nikon D5500 DSLR - Black","email":"awallacedn@indiatimes.com","status":"Completed","date":"4/6/2015","price":"$278.87"},
{"id":493,"number":"16837-872","customer":"Beverly Cole","product":"Nokia Lumia 1020","email":"bcoledo@seesaa.net","status":"New","date":"12/7/2014","price":"$114.09"},
{"id":494,"number":"0121-4788","customer":"Rose Ross","product":"HP Envy 6-1180ca Sleekbook","email":"rrossdp@samsung.com","status":"New","date":"9/19/2015","price":"$278.81"},
{"id":495,"number":"0615-4529","customer":"Terry Young","product":"Obey Propaganda Hat","email":"tyoungdq@bluehost.com","status":"Completed","date":"5/26/2015","price":"$200.65"},
{"id":496,"number":"23710-225","customer":"Gloria Ford","product":"Elegant Gemstone Necklace","email":"gforddr@vimeo.com","status":"New","date":"5/2/2015","price":"$206.40"},
{"id":497,"number":"50227-3241","customer":"Donna Graham","product":"Levi's 511 Jeans","email":"dgrahamds@jigsy.com","status":"New","date":"1/12/2015","price":"$105.29"},
{"id":498,"number":"59779-355","customer":"Jose Kennedy","product":"Elegant Gemstone Necklace","email":"jkennedydt@sun.com","status":"New","date":"1/21/2015","price":"$286.32"},
{"id":499,"number":"0173-0719","customer":"Donald Walker","product":"Fahrenheit 451 by Ray Bradbury","email":"dwalkerdu@umn.edu","status":"Completed","date":"12/6/2014","price":"$355.85"},
{"id":500,"number":"43406-0028","customer":"Fred Adams","product":"Elegant Gemstone Necklace","email":"fadamsdv@moonfruit.com","status":"Completed","date":"1/20/2015","price":"$274.50"}]
}