[{
    "thumb": "data/albums/album-1.jpg",
    "artist": "Mellisa",
    "title": "Modern Rock Music"
}, {
    "thumb": "data/albums/album-2.jpg",
    "artist": "Jude",
    "title": "Hard Metal Album"
}, {
    "thumb": "data/albums/album-3.jpg",
    "artist": "Jack",
    "title": "Love Songs Album"
}, {
    "thumb": "data/albums/album-4.jpg",
    "artist": "Jackson",
    "title": "Instrumental Album"
}, {
    "thumb": "data/albums/album-5.jpg",
    "artist": "Law Tiger",
    "title": "Made for you"
}, {
    "thumb": "data/albums/album-6.jpg",
    "artist": "Misterious",
    "title": "Kiss the sky"
}, {
    "thumb": "data/albums/album-7.jpg",
    "artist": "Blank",
    "title": "In the Depths"
}, {
    "thumb": "data/albums/album-8.jpg",
    "artist": "Martini",
    "title": "Volcano"
}, {
    "thumb": "data/albums/album-9.jpg",
    "artist": "Jingle",
    "title": "Juicy touch"
},{
    "thumb": "data/albums/album-1.jpg",
    "artist": "Mellisa",
    "title": "Modern Rock Music"
}, {
    "thumb": "data/albums/album-2.jpg",
    "artist": "Jude",
    "title": "Hard Metal Album"
}, {
    "thumb": "data/albums/album-3.jpg",
    "artist": "Jack",
    "title": "Love Songs Album"
}, {
    "thumb": "data/albums/album-4.jpg",
    "artist": "Jackson",
    "title": "Instrumental Album"
}, {
    "thumb": "data/albums/album-5.jpg",
    "artist": "Law Tiger",
    "title": "Made for you"
}, {
    "thumb": "data/albums/album-6.jpg",
    "artist": "Misterious",
    "title": "Kiss the sky"
}, {
    "thumb": "data/albums/album-7.jpg",
    "artist": "Blank",
    "title": "In the Depths"
}, {
    "thumb": "data/albums/album-8.jpg",
    "artist": "Martini",
    "title": "Volcano"
}, {
    "thumb": "data/albums/album-9.jpg",
    "artist": "Jingle",
    "title": "Juicy touch"
},{
    "thumb": "data/albums/album-1.jpg",
    "artist": "Mellisa",
    "title": "Modern Rock Music"
}, {
    "thumb": "data/albums/album-2.jpg",
    "artist": "Jude",
    "title": "Hard Metal Album"
}, {
    "thumb": "data/albums/album-3.jpg",
    "artist": "Jack",
    "title": "Love Songs Album"
}, {
    "thumb": "data/albums/album-4.jpg",
    "artist": "Jackson",
    "title": "Instrumental Album"
}, {
    "thumb": "data/albums/album-5.jpg",
    "artist": "Law Tiger",
    "title": "Made for you"
}, {
    "thumb": "data/albums/album-6.jpg",
    "artist": "Misterious",
    "title": "Kiss the sky"
}, {
    "thumb": "data/albums/album-7.jpg",
    "artist": "Blank",
    "title": "In the Depths"
}, {
    "thumb": "data/albums/album-8.jpg",
    "artist": "Martini",
    "title": "Volcano"
}, {
    "thumb": "data/albums/album-9.jpg",
    "artist": "Jingle",
    "title": "Juicy touch"
},{
    "thumb": "data/albums/album-1.jpg",
    "artist": "Mellisa",
    "title": "Modern Rock Music"
}, {
    "thumb": "data/albums/album-2.jpg",
    "artist": "Jude",
    "title": "Hard Metal Album"
}, {
    "thumb": "data/albums/album-3.jpg",
    "artist": "Jack",
    "title": "Love Songs Album"
}, {
    "thumb": "data/albums/album-4.jpg",
    "artist": "Jackson",
    "title": "Instrumental Album"
}, {
    "thumb": "data/albums/album-5.jpg",
    "artist": "Law Tiger",
    "title": "Made for you"
}, {
    "thumb": "data/albums/album-6.jpg",
    "artist": "Misterious",
    "title": "Kiss the sky"
}, {
    "thumb": "data/albums/album-7.jpg",
    "artist": "Blank",
    "title": "In the Depths"
}, {
    "thumb": "data/albums/album-8.jpg",
    "artist": "Martini",
    "title": "Volcano"
}, {
    "thumb": "data/albums/album-9.jpg",
    "artist": "Jingle",
    "title": "Juicy touch"
}]