[{
    "avatar": "data/soc-groups/group-1.jpg",
    "members": "564",
    "created": "4th Nov 2015",
    "name": "Web Design"
}, {
    "avatar": "data/soc-groups/group-2.jpg",
    "members": "164",
    "created": "6th Nov 2015",
    "name": "Musical Fans"
}, {
    "avatar": "data/soc-groups/group-3.jpg",
    "members": "661",
    "created": "7th Nov 2015",
    "name": "Journalist"
}, {
    "avatar": "data/soc-groups/group-4.jpg",
    "members": "564",
    "created": "4th Nov 2015",
    "name": "Industrialists"
}, {
    "avatar": "data/soc-groups/group-5.jpg",
    "members": "164",
    "created": "3th Nov 2015",
    "name": "Writers"
}, {
    "avatar": "data/soc-groups/group-6.jpg",
    "members": "762",
    "created": "8th Nov 2015",
    "name": "Programming"
}, {
    "avatar": "data/soc-groups/group-7.jpg",
    "members": "344",
    "created": "6th Nov 2015",
    "name": "Coders"
}, {
    "avatar": "data/soc-groups/group-8.jpg",
    "members": "467",
    "created": "6th Nov 2015",
    "name": "Industrialist"
}, {
    "avatar": "data/soc-groups/group-9.jpg",
    "members": "263",
    "created": "4th Nov 2015",
    "name": "Writers"
}, {
    "avatar": "data/soc-groups/group-10.jpg",
    "members": "264",
    "created": "7th Nov 2015",
    "name": "Programming"
}, {
    "avatar": "data/soc-groups/group-11.jpg",
    "members": "514",
    "created": "9th Nov 2015",
    "name": "Coders"
}, {
    "avatar": "data/soc-groups/group-12.jpg",
    "members": "164",
    "created": "10th Nov 2015",
    "name": "Musical Fans"
},{
    "avatar": "data/soc-groups/group-1.jpg",
    "members": "564",
    "created": "4th Nov 2015",
    "name": "Web Design"
}, {
    "avatar": "data/soc-groups/group-2.jpg",
    "members": "164",
    "created": "6th Nov 2015",
    "name": "Musical Fans"
}, {
    "avatar": "data/soc-groups/group-3.jpg",
    "members": "661",
    "created": "7th Nov 2015",
    "name": "Journalist"
}, {
    "avatar": "data/soc-groups/group-4.jpg",
    "members": "564",
    "created": "4th Nov 2015",
    "name": "Industrialists"
}, {
    "avatar": "data/soc-groups/group-5.jpg",
    "members": "164",
    "created": "3th Nov 2015",
    "name": "Writers"
}, {
    "avatar": "data/soc-groups/group-6.jpg",
    "members": "762",
    "created": "8th Nov 2015",
    "name": "Programming"
}, {
    "avatar": "data/soc-groups/group-7.jpg",
    "members": "344",
    "created": "6th Nov 2015",
    "name": "Coders"
}, {
    "avatar": "data/soc-groups/group-8.jpg",
    "members": "467",
    "created": "6th Nov 2015",
    "name": "Industrialist"
}, {
    "avatar": "data/soc-groups/group-9.jpg",
    "members": "263",
    "created": "4th Nov 2015",
    "name": "Writers"
}, {
    "avatar": "data/soc-groups/group-10.jpg",
    "members": "264",
    "created": "7th Nov 2015",
    "name": "Programming"
}, {
    "avatar": "data/soc-groups/group-11.jpg",
    "members": "514",
    "created": "9th Nov 2015",
    "name": "Coders"
}, {
    "avatar": "data/soc-groups/group-12.jpg",
    "members": "164",
    "created": "10th Nov 2015",
    "name": "Musical Fans"
},{
    "avatar": "data/soc-groups/group-1.jpg",
    "members": "564",
    "created": "4th Nov 2015",
    "name": "Web Design"
}, {
    "avatar": "data/soc-groups/group-2.jpg",
    "members": "164",
    "created": "6th Nov 2015",
    "name": "Musical Fans"
}, {
    "avatar": "data/soc-groups/group-3.jpg",
    "members": "661",
    "created": "7th Nov 2015",
    "name": "Journalist"
}, {
    "avatar": "data/soc-groups/group-4.jpg",
    "members": "564",
    "created": "4th Nov 2015",
    "name": "Industrialists"
}, {
    "avatar": "data/soc-groups/group-5.jpg",
    "members": "164",
    "created": "3th Nov 2015",
    "name": "Writers"
}, {
    "avatar": "data/soc-groups/group-6.jpg",
    "members": "762",
    "created": "8th Nov 2015",
    "name": "Programming"
}, {
    "avatar": "data/soc-groups/group-7.jpg",
    "members": "344",
    "created": "6th Nov 2015",
    "name": "Coders"
}, {
    "avatar": "data/soc-groups/group-8.jpg",
    "members": "467",
    "created": "6th Nov 2015",
    "name": "Industrialist"
}, {
    "avatar": "data/soc-groups/group-9.jpg",
    "members": "263",
    "created": "4th Nov 2015",
    "name": "Writers"
}, {
    "avatar": "data/soc-groups/group-10.jpg",
    "members": "264",
    "created": "7th Nov 2015",
    "name": "Programming"
}, {
    "avatar": "data/soc-groups/group-11.jpg",
    "members": "514",
    "created": "9th Nov 2015",
    "name": "Coders"
}, {
    "avatar": "data/soc-groups/group-12.jpg",
    "members": "164",
    "created": "10th Nov 2015",
    "name": "Musical Fans"
}]